,0,1,2,3,4,5,6,7,8,9,10,11,12,13,14,15,16,17,18,19,20,21,22,23,24,25,26,27,28,29,30,31,32,33,34,35,36,37,38,39,40,41,42,43,44,45,46,47,48,49,50,51,52,53,54,55,56,57,58,59,60,61,62,63,64,65,66,67,68,69,70,71,72,73,74,75,76,77,78,79,80,81,82,83,84,85,86,87,88,89,90,91,92,93
0,0.22250346531669982,0.0,0.01343940215753631,0.0492376303260411,0.016784186102573373,0.02362441993611764,0.01660338697040921,0.05933224853854035,0.0,0.0,0.0007533297173506901,0.00021093232085819322,0.06758874224070391,0.029048393901042607,0.04369312360634002,0.0,0.0,0.08789851142047851,0.023654553124811666,3.01331886940276e-05,0.0,0.0074428976074248174,0.05791598866992105,0.0065690351352980176,0.006026637738805521,0.01319833664798409,0.036461158319773396,0.027843066353281504,0.030645452901826072,0.013770867233170614,0.027119869824624842,6.02663773880552e-05,0.04721870668354125,6.02663773880552e-05,6.02663773880552e-05,0.0,0.002501054661604291,0.03622009281022118,0.001145061170373049,0.0,0.0,0.0,0.0,0.005936238172723438,3.01331886940276e-05,0.0,6.02663773880552e-05,3.01331886940276e-05,0.01482552883746158,0.0001205327547761104,3.01331886940276e-05,0.00021093232085819322,9.03995660820828e-05,0.0,3.01331886940276e-05,0.0,0.0,0.0,0.0,0.0020189236424998495,0.0,0.0,0.0,0.0,0.0,0.0,0.0,0.005062375700596637,0.0005423973964924968,0.0,0.0,0.0,0.0,6.02663773880552e-05,0.0,0.0,0.0,0.0,0.0,0.00225998915205207,0.0,3.01331886940276e-05,0.0,0.0,0.0,0.0,0.0,0.0,0.0,0.0,0.0,0.0,0.0,0.0
1,1.0,0.0,0.0,0.0,0.0,0.0,0.0,0.0,0.0,0.0,0.0,0.0,0.0,0.0,0.0,0.0,0.0,0.0,0.0,0.0,0.0,0.0,0.0,0.0,0.0,0.0,0.0,0.0,0.0,0.0,0.0,0.0,0.0,0.0,0.0,0.0,0.0,0.0,0.0,0.0,0.0,0.0,0.0,0.0,0.0,0.0,0.0,0.0,0.0,0.0,0.0,0.0,0.0,0.0,0.0,0.0,0.0,0.0,0.0,0.0,0.0,0.0,0.0,0.0,0.0,0.0,0.0,0.0,0.0,0.0,0.0,0.0,0.0,0.0,0.0,0.0,0.0,0.0,0.0,0.0,0.0,0.0,0.0,0.0,0.0,0.0,0.0,0.0,0.0,0.0,0.0,0.0,0.0,0.0
2,0.022775020764844247,0.0,0.03331448792847122,0.0037202225153729644,0.13308345722442086,0.07797111767210392,0.006149185808712161,0.0692603527580599,0.0,0.0,0.0,0.023054211947986684,4.885845704992636e-05,0.0077824542300954135,0.007956948719559436,0.002079974314411151,0.00168910665801174,0.031827794878237746,0.039812662716111426,0.0027849320518458028,0.0155160500031409,0.018098568447208436,0.04952851588946821,0.0014797132706549127,0.0015495110664405219,0.07973002212590126,0.018677890152228992,0.0035527078054875027,0.01296843045696617,0.0009283106839486009,0.010881476362976457,0.004536856726064591,0.002366145277132148,0.0,0.006260862281969135,0.0,0.0006002610437562382,0.016779390106860425,0.0,0.0,0.0,0.0005793217050205554,0.0,0.00028617096272099725,0.0,0.0,0.0,0.0,0.27727174375833213,0.0,0.0,0.0,0.0,0.0002442922852496318,0.0,0.0,0.0,0.0,0.0,0.0,0.0,0.0,0.0,0.0,0.0,0.0,2.7919118314243637e-05,0.01343607568872975,0.0,6.979779578560909e-06,0.0,0.0,0.0,0.0,0.0,0.0,0.0,0.0,0.0,0.0013331378995051337,4.187867747136545e-05,0.0,0.0,0.0,0.0,0.0,0.0,0.0,6.979779578560909e-06,0.0,0.0,0.0,0.0,0.0
3,0.006280960070062126,0.0,0.4674731109225759,0.0002326281507430417,0.012561920140124251,0.0003284162128137059,0.00010947207093790197,0.0027641697911820248,0.0,0.0,0.0,0.0071430526286981036,2.7368017734475492e-05,0.0010263006650428309,0.0004515722926188456,0.001833657188209858,0.001122088727113495,0.030269027614329893,0.002038917321218424,0.001299980842387586,0.006965160513424013,0.007088316593229152,0.14136949560743314,0.01201455978543474,0.00015052409753961522,0.003708366403021429,0.0017926051616081447,0.07335997153726155,0.0006157803990256986,0.0004242042748843701,0.13586852404280358,0.0007115684610963628,0.0008347245409015025,0.0,0.0,0.0,0.0,0.0005063083280877966,0.0,0.0,0.0,0.00016420810640685294,1.3684008867237746e-05,1.3684008867237746e-05,0.0,0.0,0.0,0.0,0.07916199129697037,0.0,0.0,1.3684008867237746e-05,0.0,0.00010947207093790197,0.0,1.3684008867237746e-05,0.0,0.0,0.0,0.0,1.3684008867237746e-05,0.0,1.3684008867237746e-05,0.0,0.0,0.0,0.0,0.0,0.0,0.0,0.0,2.7368017734475492e-05,0.0,0.0,0.0,0.0,1.3684008867237746e-05,0.0,0.0,6.842004433618873e-05,0.0,0.0,0.0,0.0,0.0,0.0,0.0,0.0,0.0,0.0,0.0,0.0,0.0,0.0
4,0.014400945985894675,0.0,0.19533482551346482,0.002562045131410392,0.019201261314526232,0.03271534552416346,0.010839421709813196,0.05283162295705055,0.0,0.0,0.0,0.02007404591973197,4.223151315511635e-05,0.0036459873023917113,0.002730971184030857,0.0021678843419626393,0.0013654855920154285,0.039303461576361616,0.012275293157087152,0.002027112631445585,0.01604797499894421,0.02908343539282346,0.0707659388769233,0.019919197038163212,0.012739839801793431,0.023931190787899265,0.015259653420048707,0.09071329025718991,0.0051100130917690785,0.0005912411841716288,0.08354801019187184,0.003843067697115588,0.003997916578684348,0.0,1.407717105170545e-05,0.0,0.00018300322367217084,0.012050058420259864,0.0,1.407717105170545e-05,0.0,0.0006475498683784507,4.223151315511635e-05,0.0002252347368272872,0.0,0.0,0.0,0.0,0.19419457465827666,0.0,0.0,0.0,0.0,0.00018300322367217084,0.0,0.0,0.0,0.0001689260526204654,0.0,0.0,1.407717105170545e-05,0.0,1.407717105170545e-05,0.0,4.223151315511635e-05,0.0,1.407717105170545e-05,0.00485662401283838,0.0,2.81543421034109e-05,0.0,0.0,0.0,0.0,0.0,0.0,0.0,0.0,2.81543421034109e-05,0.00015484888156875993,0.0,0.0,0.0,0.0,0.0,2.81543421034109e-05,0.0,0.0,0.0,2.81543421034109e-05,0.0,0.0,0.0,0.0
5,0.03332258194573237,0.0,0.11365560617667218,0.0011692134016046446,0.025460629762528726,0.01324436560093537,0.005584001935249768,0.02777889771398621,0.0,0.0,0.0,0.04519614562754506,6.0476555255412655e-05,0.001390960770874491,0.0028423980970043944,0.004193041164375277,0.0017135023989033585,0.0005644478490505181,0.012720235455388461,0.002398903358464702,0.03604402693222594,0.01854614361165988,0.040499133169374674,0.015179615369108576,0.0006854009595613434,0.008769100512034835,0.0032858928355440874,0.06148449784300286,0.0005442889972987139,0.0007257186630649518,0.06593960408015159,0.0027416038382453737,0.00167318469539975,0.0,0.0,0.0,8.063540700721687e-05,0.000645083256057735,0.0,0.0,0.0,0.0012498488086118615,0.0,0.00030238277627706327,0.0,0.0,0.0,0.0,0.44801032133209695,0.0,0.0,0.0,0.0,0.00010079425875902108,0.0,0.0,2.0158851751804218e-05,0.00014111196226262952,0.0,0.0,0.0,0.0,2.0158851751804218e-05,0.0,0.0,0.0,0.0,0.001935249768173205,0.0,2.0158851751804218e-05,0.0,0.0,0.0,0.0,0.0,0.0,0.0,0.0,0.0,6.0476555255412655e-05,0.0,0.0,0.0,0.0,0.0,0.0,0.0,0.0,0.0,0.0,0.0,0.0,0.0,0.0
6,0.020800850460666195,0.0,0.12044649184975195,0.12671863926293409,0.05726435152374203,0.0010276399716513112,0.017257264351523742,0.023706591070163006,0.0,0.0,0.0,0.02923458540042523,3.543586109142452e-05,0.0007795889440113395,0.0009922041105598866,0.0037562012756909994,0.0021970233876683204,0.0025513819985825657,0.034904323175053154,0.0016654854712969526,0.02328136073706591,0.004358610914245216,0.07048192771084337,0.03001417434443657,0.00024805102763997164,0.015414599574769667,0.002126151665485471,0.07728561304039688,0.000744153082919915,0.0005315379163713678,0.04844082211197732,0.0017363571934798016,0.0009922041105598866,0.0,0.0,0.0,0.00014174344436569808,0.0007087172218284905,0.0,0.0,0.0,0.0007795889440113395,7.087172218284904e-05,0.00017717930545712261,0.0,0.0,0.0,0.0,0.27636428065201984,0.0,0.0,0.0,0.0,0.002267895109851169,0.0,0.00017717930545712261,0.00017717930545712261,3.543586109142452e-05,3.543586109142452e-05,0.0,0.0,0.0,0.0,0.0,0.0,0.0,0.0,3.543586109142452e-05,0.0,0.0,0.0,0.0,0.0,0.0,0.0,0.0,0.0,0.0,0.0,0.0,0.0,0.0,0.0,0.0,0.0,0.0,3.543586109142452e-05,0.0,0.0,0.0,0.0,0.0,0.0,0.0
7,0.02276267847716651,0.0,0.09805461497856342,0.05865767146039062,0.0005149927257277491,0.0008626128155939797,0.0004634934531549742,0.041868908601666,0.0,0.0,0.0,0.04170153596580448,9.012372700235609e-05,0.0009784861788827233,0.008021011703209692,0.004029818078819637,0.0019440975396222528,0.12424199508181948,0.011690334874019905,0.002961208172934557,0.03579199443807856,0.005034053893988748,0.0498770454867325,0.024603777471643214,0.00880637560994451,0.004119941805821993,0.00814975988464163,0.04280877032611914,0.020149090394098183,0.0018539738126198968,0.05117740211919507,0.002690836991927489,0.0018797234489062841,0.0,0.0,0.0,0.00016737263586151846,0.014445545956663362,0.0,0.0,0.0,0.0009398617244531421,0.0,9.012372700235609e-05,0.0,1.2874818143193727e-05,0.0,0.0,0.30599580280928534,0.0,0.0,0.0,0.0,0.00010299854514554981,0.0,1.2874818143193727e-05,0.0,0.00011587336328874355,0.0,0.0,0.0,0.0,1.2874818143193727e-05,0.0,2.5749636286387454e-05,1.2874818143193727e-05,0.0,9.012372700235609e-05,0.0,2.5749636286387454e-05,0.0,0.0,0.0,0.0,0.0,0.0,0.0,0.0,1.2874818143193727e-05,0.0021372198117701586,0.0,0.0,0.0,0.0,0.0,0.0,0.0,0.0,1.2874818143193727e-05,0.0,0.0,0.0,0.0,0.0
8,1.0,0.0,0.0,0.0,0.0,0.0,0.0,0.0,0.0,0.0,0.0,0.0,0.0,0.0,0.0,0.0,0.0,0.0,0.0,0.0,0.0,0.0,0.0,0.0,0.0,0.0,0.0,0.0,0.0,0.0,0.0,0.0,0.0,0.0,0.0,0.0,0.0,0.0,0.0,0.0,0.0,0.0,0.0,0.0,0.0,0.0,0.0,0.0,0.0,0.0,0.0,0.0,0.0,0.0,0.0,0.0,0.0,0.0,0.0,0.0,0.0,0.0,0.0,0.0,0.0,0.0,0.0,0.0,0.0,0.0,0.0,0.0,0.0,0.0,0.0,0.0,0.0,0.0,0.0,0.0,0.0,0.0,0.0,0.0,0.0,0.0,0.0,0.0,0.0,0.0,0.0,0.0,0.0,0.0
9,0.022099447513812154,0.0,0.0,0.0,0.0,0.011049723756906077,0.0,0.0055248618784530384,0.0,0.23756906077348067,0.0,0.027624309392265192,0.0,0.0,0.0,0.0055248618784530384,0.0,0.022099447513812154,0.0,0.0055248618784530384,0.049723756906077346,0.0,0.0,0.0,0.0,0.0,0.0,0.0,0.0,0.0,0.0,0.0,0.0,0.022099447513812154,0.0,0.0,0.0,0.0,0.0055248618784530384,0.0,0.049723756906077346,0.011049723756906077,0.0,0.0,0.04419889502762431,0.0,0.03314917127071823,0.016574585635359115,0.16022099447513813,0.0,0.08287292817679558,0.022099447513812154,0.143646408839779,0.0055248618784530384,0.0,0.016574585635359115,0.0,0.0,0.0,0.0,0.0,0.0,0.0,0.0,0.0,0.0,0.0,0.0,0.0,0.0,0.0,0.0,0.0,0.0,0.0,0.0,0.0,0.0,0.0,0.0,0.0,0.0,0.0,0.0,0.0,0.0,0.0,0.0,0.0,0.0,0.0,0.0,0.0,0.0
10,0.2625,0.0,0.0,0.0,0.0,0.0,0.0,0.0,0.0,0.0,0.2,0.0,0.0,0.0,0.0,0.0,0.0,0.0,0.0,0.0,0.0,0.0,0.0,0.0,0.0,0.0,0.0,0.0,0.0,0.0,0.0,0.0,0.0,0.0,0.0,0.0,0.0,0.0,0.0,0.0,0.0,0.0,0.0,0.0,0.0,0.0,0.0,0.0,0.5375,0.0,0.0,0.0,0.0,0.0,0.0,0.0,0.0,0.0,0.0,0.0,0.0,0.0,0.0,0.0,0.0,0.0,0.0,0.0,0.0,0.0,0.0,0.0,0.0,0.0,0.0,0.0,0.0,0.0,0.0,0.0,0.0,0.0,0.0,0.0,0.0,0.0,0.0,0.0,0.0,0.0,0.0,0.0,0.0,0.0
11,0.27299808812413856,0.0,0.0012449424214130097,8.892445867235783e-05,8.892445867235783e-05,0.00022231114668089458,0.0006669334400426837,0.0003556978346894313,0.0,0.00017784891734471566,0.0,0.036281179138321996,0.0,0.0004890845226979681,0.0,0.0003556978346894313,8.892445867235783e-05,0.00017784891734471566,4.4462229336178915e-05,0.0007558578987150416,0.003156818282868703,4.4462229336178915e-05,0.00022231114668089458,4.4462229336178915e-05,0.0,4.4462229336178915e-05,0.0005780089813703259,0.000533546752034147,0.00040016006402561027,0.010359699435329687,0.00013338668800853674,0.0002667733760170735,0.0002667733760170735,0.00013338668800853674,0.0,0.0,4.4462229336178915e-05,0.0003112356053532524,0.0003556978346894313,8.892445867235783e-05,0.0,0.051842959405984615,0.0,0.0,0.00013338668800853674,0.0,0.00013338668800853674,0.0003556978346894313,0.6147347828020097,0.0,8.892445867235783e-05,0.0003556978346894313,0.00013338668800853674,0.0,0.0,4.4462229336178915e-05,4.4462229336178915e-05,0.0,0.0,0.0,0.0,0.0,0.0,0.0,0.0,0.0,0.0,8.892445867235783e-05,0.0,0.001022631274732115,0.0,0.0,0.0,0.0,0.0,0.0,0.0,0.0,0.0,0.0,0.0,0.0,0.0,0.0,0.0,0.0,0.0,0.0,0.0,0.0,0.0,0.0,0.0,0.0
12,0.004158004158004158,0.0,0.010395010395010396,0.06611226611226612,0.011226611226611227,0.0316008316008316,0.02785862785862786,0.042411642411642414,0.0,0.0004158004158004158,0.0,0.002494802494802495,0.0033264033264033266,0.01704781704781705,0.11185031185031186,0.0,0.0,0.13180873180873182,0.018295218295218296,0.0,0.0,0.0577962577962578,0.09313929313929314,0.002079002079002079,0.0033264033264033266,0.026195426195426197,0.0340956340956341,0.04158004158004158,0.01496881496881497,0.03367983367983368,0.11392931392931394,0.0012474012474012475,0.03451143451143451,0.0016632016632016633,0.0,0.0,0.0004158004158004158,0.028274428274428276,0.004573804573804574,0.0,0.007068607068607069,0.0,0.0,0.0058212058212058215,0.0016632016632016633,0.0,0.0004158004158004158,0.0016632016632016633,0.0029106029106029108,0.0,0.0012474012474012475,0.0012474012474012475,0.0004158004158004158,0.0004158004158004158,0.0,0.0,0.0,0.0,0.0,0.0,0.0,0.0,0.0,0.0,0.0,0.0,0.0,0.0037422037422037424,0.0,0.0,0.0,0.0,0.0,0.0,0.0,0.0,0.0,0.0,0.0,0.0029106029106029108,0.0,0.0,0.0,0.0,0.0,0.0,0.0,0.0,0.0,0.0,0.0,0.0,0.0,0.0
13,0.027323213624583488,0.0,0.07700851536467974,0.00014809329877823029,0.07441688263606072,0.00011106997408367271,7.404664938911514e-05,0.0028878193261754905,0.0,0.0,0.0,0.010181414291003332,7.404664938911514e-05,0.05049981488337653,0.00022213994816734541,0.000518326545723806,0.0005553498704183636,0.041873380229544614,0.04005923731951129,0.0011106997408367272,0.004220659015179563,0.0013328396890040725,0.07515734912995187,0.03320992225101814,0.0,0.00022213994816734541,0.00022213994816734541,0.1465012958163643,0.0003332099222510181,0.000259163272861903,0.07334320621991855,0.00048130322102924843,0.00022213994816734541,0.0,0.0,0.0,0.0,0.00037023324694557573,0.0,0.0,0.0,0.00022213994816734541,3.702332469455757e-05,3.702332469455757e-05,0.0,0.0,0.0,0.0,0.3363939281747501,0.0,0.0,0.0,0.0,0.00014809329877823029,0.0,0.0,0.0,0.00014809329877823029,0.0,0.0,0.0,3.702332469455757e-05,3.702332469455757e-05,0.0,0.0,0.0,0.0,0.0,0.0,0.0,0.0,0.0,0.0,0.0,0.0,0.0,0.0,0.0,0.0,0.0,0.0,0.0,0.0,0.0,0.0,0.0,0.0,0.0,0.0,0.0,0.0,0.0,0.0,0.0
14,0.005065588024042641,0.0,0.13204551468642498,0.16172078781234642,0.014780932219408007,0.00396930404869013,0.00015121158280724303,0.01844781310248365,0.0,0.0,0.0,0.01599062488186595,0.0,0.003629077987373833,0.001096283975352512,0.0006426492269307829,0.001549918723774241,0.0015877216194760519,0.011303065814841418,0.001890144785090538,0.008770271802820096,0.0024949911163195102,0.205156314973727,0.0006426492269307829,0.0012096926624579442,0.044645219823838504,0.0003402260613162968,0.09692662457944279,0.00030242316561448606,0.0002646202699126753,0.18152950516009525,0.001549918723774241,0.001549918723774241,0.0,0.0,0.0,0.0,0.0009072694968434582,0.0,0.0,0.0,0.00011340868710543228,0.0,7.560579140362152e-05,0.0,0.0,0.0,0.0,0.07953729255660984,0.0,0.0,0.0,0.0,3.780289570181076e-05,0.0,0.0,0.0,0.0,0.0,0.0,0.0,0.0,3.780289570181076e-05,0.0,0.0,0.0,0.0,0.0,0.0,0.0,0.0,0.0,0.0,0.0,0.0,0.0,3.780289570181076e-05,0.0,0.0,0.0,0.0,0.0,0.0,0.0,0.0,0.0,0.0,0.0,0.0,0.0,0.0,0.0,0.0,0.0
15,0.14821981424148606,0.0,0.0,0.0,0.0,0.0,0.0,0.0,0.0,0.0,0.0,0.0,0.0,0.0,0.0,0.0,0.0,0.0,0.0,0.0,0.0,0.0,0.0,0.0,0.0,0.0,0.0,0.0,0.0,0.001934984520123839,0.0,0.0003869969040247678,0.0,0.0,0.0,0.0,0.0,0.0,0.0,0.0,0.0,0.0015479876160990713,0.0,0.0,0.0,0.0,0.0,0.0,0.8475232198142415,0.0,0.0,0.0,0.0,0.0,0.0,0.0003869969040247678,0.0,0.0,0.0,0.0,0.0,0.0,0.0,0.0,0.0,0.0,0.0,0.0,0.0,0.0,0.0,0.0,0.0,0.0,0.0,0.0,0.0,0.0,0.0,0.0,0.0,0.0,0.0,0.0,0.0,0.0,0.0,0.0,0.0,0.0,0.0,0.0,0.0,0.0
16,0.30603174603174604,0.0,0.0,0.0,0.0,0.0,0.0,0.0,0.0,0.0,0.0,0.0031746031746031746,0.0006349206349206349,0.0,0.0,0.0,0.0019047619047619048,0.0,0.0,0.0,0.0,0.0,0.0,0.0,0.0,0.0,0.0,0.0,0.0,0.05650793650793651,0.0,0.0,0.0,0.0,0.0,0.0,0.0,0.0,0.0,0.0006349206349206349,0.0,0.01904761904761905,0.0,0.0,0.0,0.0,0.0,0.0,0.6120634920634921,0.0,0.0,0.0,0.0,0.0,0.0,0.0,0.0,0.0,0.0,0.0,0.0,0.0,0.0,0.0,0.0,0.0,0.0,0.0,0.0,0.0,0.0,0.0,0.0,0.0,0.0,0.0,0.0,0.0,0.0,0.0,0.0,0.0,0.0,0.0,0.0,0.0,0.0,0.0,0.0,0.0,0.0,0.0,0.0,0.0
17,0.014389479167690507,0.0,0.09416066285961412,0.3175317718520557,0.03134429580994879,0.00038332628930323075,0.00033418189323871397,0.022498304518335774,0.0,0.0,0.0,0.02002142695668413,4.9144396064516764e-05,0.0007666525786064615,0.009219488701703344,0.0013465564521677592,0.0011303211094838856,0.02330427261379385,0.014448452442967928,0.0034401077245161736,0.012797200735200165,0.014939896403613095,0.036130959986632724,0.017406945086051836,0.00011794655055484023,0.0011303211094838856,0.0017397116206838935,0.08828299309029791,0.0003931551685161341,0.0005700749943483945,0.06463470970405245,0.005317423654180714,0.0007469948201806548,0.0,9.828879212903353e-06,0.0,0.00048161508143226427,0.006673808985561376,0.0,0.0,0.0,0.000530759477496781,1.9657758425806707e-05,9.828879212903353e-05,0.0,0.0,0.0,0.0,0.19336354075544765,0.0,0.0,0.0,0.0,5.8973275277420114e-05,0.0,0.0,0.0,1.9657758425806707e-05,0.0,1.9657758425806707e-05,0.0,3.9315516851613414e-05,3.9315516851613414e-05,0.0,1.9657758425806707e-05,0.0,0.0,9.828879212903353e-06,0.0,0.0,0.0,0.0,0.0,0.0,0.0,0.0,0.0,0.0,9.828879212903353e-06,2.9486637638710057e-05,0.0,0.0,0.0,0.0,0.0,0.0,0.0,0.0,0.0,0.0,0.0,0.0,0.0,0.0
18,0.008768455167446886,0.0,0.15358300324090746,0.00046813107670147644,0.0009002520705797623,0.05722002160604969,0.0011883327331652864,0.01996759092545913,0.0,0.0,0.0,0.010965070219661505,0.0,0.013881886928339936,0.00439323010442924,0.0009362621534029529,0.0010082823190493337,0.015232265034209578,0.1455347497299244,0.000954267194814548,0.010442924018725243,0.07358660424918978,0.0920057616132517,0.02511703276917537,0.010478934101548433,0.0004141159524666907,0.003997119193374145,0.11251350378105869,0.003583003240907454,0.00030608570399711917,0.1196975153042852,0.001602448685631977,0.0028808066258552397,0.0,0.0,9.002520705797624e-05,5.401512423478574e-05,0.0021425999279798343,0.0,0.0,0.0,0.0003420957868203097,0.0,1.8005041411595247e-05,0.0,0.0,0.0,0.0,0.1011343176089305,0.0,0.0,0.0,0.0,5.401512423478574e-05,0.0,0.0,0.0,9.002520705797624e-05,0.0,0.0,0.0,0.0,7.202016564638099e-05,0.0,5.401512423478574e-05,0.0,0.0,0.0042851998559596685,0.0,0.0,0.0,0.0,0.0,0.0,0.0,0.0,0.0,0.0,0.0,3.6010082823190495e-05,0.0,0.0,0.0,0.0,0.0,0.0,0.0,0.0,0.0,0.0,0.0,0.0,0.0,0.0
19,0.40931482310792655,0.0,0.0,0.0,0.0,0.0,0.0,0.0,0.0,0.0,0.0,0.008956560680698611,0.0008956560680698612,0.0,0.0,0.0,0.0,0.0,0.0,0.0008956560680698612,0.0004478280340349306,0.0,0.0,0.0,0.0,0.0,0.0,0.0,0.0,0.012091356918943126,0.0,0.0,0.0,0.0,0.0,0.0,0.0,0.0,0.0,0.0,0.0,0.005373936408419167,0.0,0.0,0.0,0.0,0.0,0.0,0.5620241827138379,0.0,0.0,0.0,0.0,0.0,0.0,0.0,0.0,0.0,0.0,0.0,0.0,0.0,0.0,0.0,0.0,0.0,0.0,0.0,0.0,0.0,0.0,0.0,0.0,0.0,0.0,0.0,0.0,0.0,0.0,0.0,0.0,0.0,0.0,0.0,0.0,0.0,0.0,0.0,0.0,0.0,0.0,0.0,0.0,0.0
20,0.07611786773159072,0.0,0.0,0.0,0.0,0.0,0.0,0.0,0.0,0.0,0.0,6.05070490712168e-05,6.05070490712168e-05,0.0,0.0,0.0,0.0,0.0,0.0,0.0,0.0,0.0,0.0,0.0,0.0,0.0,0.0,0.0,0.0,0.0036304229442730078,0.0,0.0,0.0,0.0,0.0,0.0,0.0,0.0,0.0,0.0,0.0007865916379258184,0.0,0.0,0.0,0.0,0.0,0.0,0.0001815211472136504,0.9191020753917831,0.0,0.0,0.0,0.0,0.0,0.0,0.0,6.05070490712168e-05,0.0,0.0,0.0,0.0,0.0,0.0,0.0,0.0,0.0,0.0,0.0,0.0,0.0,0.0,0.0,0.0,0.0,0.0,0.0,0.0,0.0,0.0,0.0,0.0,0.0,0.0,0.0,0.0,0.0,0.0,0.0,0.0,0.0,0.0,0.0,0.0,0.0
21,0.037199658494938406,0.0,0.0660649672724316,0.003496361344879457,0.006870756596332886,0.002642598690897264,0.0016668699434890435,0.05443753303248364,0.0,0.0,0.0,0.06126763426434118,4.065536447534252e-05,0.002561287961946579,0.002317355775094524,0.008496971175346587,0.005122575923893158,0.007480587063463024,0.011871366426800017,0.006911411960808228,0.05004675366914665,8.131072895068504e-05,0.007846485343741107,0.0008131072895068504,0.0002032768223767126,0.009228767735902752,0.00788714070821645,0.12741391226572346,0.004878643737041103,0.0007317965605561653,0.01597755823880961,0.011220880595194535,0.005081920559417815,0.0,8.131072895068504e-05,0.0,4.065536447534252e-05,0.00418750254096028,0.0,0.0,0.0,0.0020327682237671263,0.0,0.0002032768223767126,0.0,8.131072895068504e-05,0.0,0.0,0.47245599056795545,0.0,0.0,0.0,0.0,0.00036589828027808267,0.0,0.0,0.0,0.0,0.0,4.065536447534252e-05,0.0,0.0,8.131072895068504e-05,0.0,4.065536447534252e-05,0.0,0.0,0.0004472090092287677,0.0,4.065536447534252e-05,0.0,0.0,0.0,0.0,0.0,0.0,0.0,4.065536447534252e-05,0.0,0.0,0.0,0.0,0.0,0.0,0.0,0.0,0.0,0.0,0.0,0.0,0.0,0.0,0.0,0.0
22,0.00649191963194747,0.0,0.0009668816473113253,0.003219397133355292,0.1015438231137839,0.03958902217452745,0.020793267953717182,0.08061242921045082,0.0,0.0,0.0,0.0029325201610761074,3.18752191421316e-05,0.008861310921512586,0.012059457908773124,0.0005206285793214828,0.0005950040906531232,0.12650211970207295,0.08359807473676381,0.00020187638790016682,0.0020931393903333086,0.03431898594302836,0.0009243813551218164,0.014439474271385616,0.014184472518248562,0.19057131017775747,0.031227089686241594,0.00026562682618443004,0.01992201196383225,0.0006268793097952549,0.04738782579130232,0.0003293772644686932,0.019263257434894866,0.0,0.001275008765685264,0.0,0.00258189275051266,0.038505264723694976,1.0625073047377201e-05,0.0,0.0,8.500058437901761e-05,0.0,0.0006693796019847637,0.0,0.0,0.0,0.0,0.07163424248541708,0.0,0.0,0.0,0.0,2.1250146094754402e-05,0.0,1.0625073047377201e-05,0.0,0.0,1.0625073047377201e-05,0.0,0.0,0.0,0.0,0.0,0.0,0.0,1.0625073047377201e-05,0.020899518684190953,0.0,0.0,0.0,0.0,0.0,0.0,0.0,0.0,0.0,0.0,0.0,0.00020187638790016682,0.0,0.0,0.0,0.0,0.0,0.0,0.0,1.0625073047377201e-05,0.0,0.0,0.0,0.0,0.0,0.0
23,0.0035244639260751096,0.0,0.03358606800142163,0.0002073214074161829,0.14482881175216206,0.021087548868617464,0.052363464044544485,0.12605141570903922,0.0,0.0,0.0,0.004798009714488805,0.0,0.00764127473048217,2.961734391659756e-05,8.885203174979268e-05,0.0006515815661651463,0.13064210401611184,0.09074754176045492,0.001806657978912451,0.0033467598625755244,0.0013623978201634877,0.022064921217865182,0.00032579078308257313,0.001480867195829878,0.11260514157090393,0.04078308257315484,0.002606326264660585,0.05008292856296647,0.00026655609524937803,0.028106859376851083,0.003702167989574695,0.022775737471863525,0.0,0.0008589029735813292,0.0,0.0009477550053311219,0.04027958772657268,0.0,0.0,0.0,0.0,0.0,0.00023693875133278048,0.0,0.0,0.0,0.0,0.04875014808671958,0.0,0.0,0.0,0.0,0.0,0.0,0.0,0.0,2.961734391659756e-05,0.0,0.0,0.0,0.0,0.0,0.0,0.0,0.0,0.0,0.0012143111005805,0.0,0.0,0.0,2.961734391659756e-05,0.0,0.0,0.0,0.0,0.0,0.0,0.0,5.923468783319512e-05,0.0,0.0,0.0,0.0,0.0,0.0,0.0,0.0,2.961734391659756e-05,0.0,0.0,0.0,0.0,0.0
24,0.014586577071211996,0.0,0.31697123658116855,0.0021306236171433255,0.002786200114725887,0.0009014176841760223,0.0014750471195607638,0.06236171433254118,0.0,0.0,0.0,0.041301319347701385,0.0,0.0026223059903302467,0.003113988363517168,0.0022125706793411455,0.0037695648610997297,0.0017208883061542244,0.024829959845939522,0.002294517741538966,0.02712447758747849,0.014422682946816357,0.01188232401868393,0.0040154060476931906,0.0009014176841760223,0.07285093829386216,0.001966729492747685,0.005654347291649595,0.001147258870769483,0.00024584118659346063,0.15356879455871508,0.0021306236171433255,0.003523723674506269,0.0,0.0,0.0,0.0,0.0018028353683520446,0.0,0.0,0.0,0.00032778824879128084,0.0,0.00040973531098910105,0.0,0.0,0.0,0.0,0.21379988527411292,0.0,0.0,0.0,0.0,0.00032778824879128084,0.0,8.194706219782021e-05,0.0,0.0,0.0,0.0,0.0,0.0,8.194706219782021e-05,8.194706219782021e-05,0.0,0.0,0.0,0.00032778824879128084,0.0,8.194706219782021e-05,0.0,0.0,0.0,0.0,0.0,0.0,0.0,0.0,0.0,0.00016389412439564042,0.0,0.0,0.0,0.0,0.0,0.0,0.0,0.0,0.0,0.0,0.0,0.0,0.0,0.0
25,0.014441678783547329,0.0,0.08418562239692437,0.0013308031643541908,0.0017990487221825173,0.15917884515858738,0.1462528033122212,0.0349951943219065,0.0,0.0,0.0,0.018803755822263846,2.4644503043596124e-05,0.0042511767750203315,0.0009734578702220469,0.00394312048697538,0.0012322251521798063,0.07867757596668064,0.006838849594597925,0.0024767725558814107,0.01757153067008404,0.012063484239840303,0.028094733469699585,0.006198092515464426,0.012926041846366167,0.01361608793158686,0.0018360154767479114,0.054932597284175766,0.0006284348276117012,0.0005298568154373167,0.03440372624886019,0.01361608793158686,0.00279715109544816,0.0,0.000197156024348769,0.0,0.0009734578702220469,0.03148335263819405,0.0,0.0,0.0,0.0005668235700027109,0.0,0.0010227468763092393,0.0,0.0,0.0,0.0,0.20268871528205634,0.0,0.0,0.0,0.0,0.000591468073046307,0.0,0.0,1.2322251521798062e-05,1.2322251521798062e-05,0.0,0.0,0.0,0.0,1.2322251521798062e-05,0.0,0.0,0.0,0.0,0.003129851886536708,0.0,0.0,0.0,0.0,0.0,0.0,0.0,0.0,0.0,0.0,0.0,0.0006161125760899031,0.0,0.0,0.0,0.0,2.4644503043596124e-05,0.0,0.0,0.0,3.696675456539419e-05,0.0,1.2322251521798062e-05,0.0,0.0,0.0
26,0.010190962967608417,0.0,0.21843153240726224,0.0005330657552287479,0.02960082781976106,0.0004389953278354395,0.0001567840456555141,0.0233608228026716,0.0,0.0,0.0,0.023517606848327113,9.407042739330846e-05,0.0011915587469819072,0.0003135680913110282,0.010410460631526135,0.0021636198300460947,0.0011602019378508042,0.0033238217678968987,0.0021636198300460947,0.015145338810322661,0.03659339625599699,0.14957197955536045,0.04132827443479352,0.0001567840456555141,0.005957793734909535,0.0177793107773353,0.10056128688344675,0.04311561255526638,0.0007212066100153649,0.08485152550876422,0.005863723307516227,0.02982032548367878,0.0,0.0,0.0,0.0,0.0007212066100153649,0.0,0.0,0.0,0.0004703521369665423,9.407042739330846e-05,0.0001567840456555141,0.0,0.0,0.0,0.0,0.13963187106080086,0.0,0.0,0.0,0.0,3.135680913110282e-05,0.0,0.0,0.0,0.0001567840456555141,0.0,0.0,0.0,3.135680913110282e-05,3.135680913110282e-05,0.0,0.0,0.0,0.0,6.271361826220564e-05,0.0,0.0,0.0,3.135680913110282e-05,0.0,0.0,0.0,0.0,0.0,0.0,3.135680913110282e-05,0.0,0.0,0.0,0.0,0.0,0.0,0.0,0.0,0.0,3.135680913110282e-05,0.0,0.0,0.0,0.0,0.0
27,0.006244203351810711,0.0,0.007883441537432867,0.0035480879149321657,0.10720833423203847,0.021450294415805708,0.006222634428315683,0.03030433751051485,0.0,0.0,0.0,0.005252032871039407,1.0784461747514182e-05,0.10067295041304489,0.051668356232340444,0.0008411880163061062,0.0012186441774691024,0.04303000237258158,0.03827405474192783,0.0008304035545585919,0.006265772275305739,0.007527554299764898,0.009759937881500334,0.12520760088863964,0.013707050881090525,0.12992041067230334,0.06151456980782089,0.056294890322024026,0.018376722817764167,0.00039902508465802474,0.012822725017794362,0.0029980803658089424,0.008627569398011346,1.0784461747514182e-05,0.00177943618833984,0.0,0.0006794210900933934,0.013674697495847982,0.0,0.0,0.0,7.549123223259927e-05,0.0,0.0011431529452365031,0.0,0.0,0.0,0.0,0.08700903737894441,0.0,0.0,0.0,0.0,0.0005284386256281949,0.0,0.0,0.0,0.0,0.0,0.0,0.0,0.0,0.0,0.0,0.0,1.0784461747514182e-05,1.0784461747514182e-05,0.016780622479132066,0.0,0.0,1.0784461747514182e-05,0.0,0.0,0.0,0.0,0.0,0.0,0.0,0.0,0.00020490477320276945,0.0,0.0,0.0,0.0,0.0,0.0,0.0,0.0,0.0,0.0,0.0,0.0,0.0,0.0
28,0.0035872085393061815,0.0,0.16562404304650247,0.05603919681525876,0.10857867798241393,0.00034997156481035915,0.00043746445601294896,0.032109891071350455,0.0,0.0,0.0,0.018898464499759394,0.0,0.0011811540312349621,0.0011374075856336672,0.0017498578240517958,0.00196859005205827,0.02252941948466687,0.07909357364714117,0.0010061682488297825,0.0062557417209851696,0.007918106653834377,0.12270877991163218,0.04300275602607288,0.0007436895752220132,0.0005249573472155387,0.000831182466424603,0.12528982020210858,0.052058270265540926,0.00013123933680388468,0.07327529638216895,0.0006561966840194234,0.0011811540312349621,0.0,0.0,0.0,0.0,0.000831182466424603,0.0,0.0,0.0,0.00017498578240517958,0.00017498578240517958,0.00030622511920906425,0.0,0.0,0.0,0.0,0.069425609169255,0.0,0.0,0.0,0.0,8.749289120258979e-05,0.0,0.0,0.0,0.0,0.0,0.0,0.0,0.0,0.0,4.3746445601294894e-05,0.0,0.0,0.0,4.3746445601294894e-05,0.0,0.0,0.0,0.0,0.0,0.0,0.0,0.0,0.0,0.0,0.0,0.0,0.0,0.0,0.0,0.0,4.3746445601294894e-05,0.0,0.0,0.0,0.0,0.0,0.0,0.0,0.0,0.0
29,0.12866015971606035,0.0,0.01419698314108252,0.011313220940550133,0.005767524401064774,0.011535048802129548,0.0024401064773735583,0.020629991126885537,0.0,0.0,0.0,0.04525288376220053,0.009982253771073648,0.01020408163265306,0.005989352262644188,0.0024401064773735583,0.0008873114463176575,0.02684117125110914,0.014640638864241348,0.0013309671694764862,0.027950310559006212,0.0006654835847382431,0.017524401064773737,0.0026619343389529724,0.0033274179236912156,0.005989352262644188,0.014862466725820762,0.005989352262644188,0.013975155279503106,0.0,0.012422360248447204,0.0011091393078970719,0.009760425909494233,0.0,0.0,0.0008873114463176575,0.0011091393078970719,0.011756876663708962,0.0,0.0,0.0,0.0048802129547471165,0.0,0.00044365572315882877,0.00022182786157941438,0.0,0.0,0.0,0.28793256433007985,0.0,0.0,0.0,0.0,0.00022182786157941438,0.0,0.0,0.0,0.0008873114463176575,0.0,0.25332741792369123,0.0,0.0,0.0,0.0,0.0,0.0,0.0,0.006211180124223602,0.0,0.00022182786157941438,0.0,0.0,0.0,0.0,0.0,0.0,0.0,0.0,0.00044365572315882877,0.002883762200532387,0.0,0.0,0.0,0.0,0.0,0.0,0.0,0.0,0.0,0.0,0.00022182786157941438,0.0,0.0,0.0
30,0.002061080733744741,0.0,0.032152859446417964,0.00016973606042603752,0.044385979801408806,0.04827778518689153,0.03763290939731575,0.11332306834301233,0.0,0.0,0.0,0.0015397485481504832,0.0,0.020756295389241158,9.699203452916429e-05,0.00015761205610989197,0.00020610807337447413,0.12328899989088396,0.050532849989694595,0.0002303560820067652,0.0008729283107624786,0.0,0.016294661800899602,0.0019277166862671402,0.010923727888847129,0.28281664868272693,0.04479819594815776,0.036881221129714724,0.010693371806840364,0.00030310010790363844,0.0004728361683296759,0.0038918053854827173,0.008038214861604491,0.0,0.0025945369236551447,3.637201294843661e-05,0.0028855130272426375,0.04942956559692535,0.0,0.0,0.0,0.0,3.637201294843661e-05,0.00024248008632291073,0.0,0.0,0.0,0.0,0.03126780713133934,0.0,0.0,0.0,0.0,7.274402589687322e-05,0.0,0.0,2.424800863229107e-05,1.2124004316145536e-05,0.0,0.0,0.0,0.0,0.0,0.0,0.0,0.0,4.849601726458214e-05,0.019810623052581806,0.0,0.0,3.637201294843661e-05,1.2124004316145536e-05,0.0,0.0,0.0,0.0,0.0,0.0,0.0,0.0007638122719171688,0.0,0.0,0.0,0.0,0.0,0.0,0.0,0.0,0.0,0.0,0.0,0.0,0.0,0.0
31,0.004009801737580753,0.0,0.005346402316774337,0.004900868790376476,0.028514145689463134,0.022053909556694142,0.0028959679215860993,0.5996881265315215,0.0,0.0,0.0,0.00044553352639786146,0.0,0.0011138338159946536,0.0,0.0,0.0,0.14969926486968144,0.0507908220093562,0.0,0.00022276676319893073,0.00022276676319893073,0.005346402316774337,0.00044553352639786146,0.00044553352639786146,0.0020049008687903764,0.050122521719759415,0.0006683002895967921,0.00022276676319893073,0.00022276676319893073,0.002450434395188238,0.0,0.0026732011583871684,0.00022276676319893073,0.0,0.0,0.00022276676319893073,0.021162842503898417,0.0,0.0,0.0,0.00022276676319893073,0.0,0.00022276676319893073,0.0,0.0,0.0,0.0,0.0369792826910225,0.0,0.0,0.0,0.00022276676319893073,0.0008910670527957229,0.0,0.0,0.0,0.00044553352639786146,0.0,0.0,0.0,0.00022276676319893073,0.0,0.0,0.0,0.0,0.0,0.0044553352639786145,0.0,0.0,0.0,0.0,0.0,0.0,0.0,0.0,0.0,0.0,0.0,0.0,0.0,0.0,0.0,0.0,0.00022276676319893073,0.0,0.0,0.0,0.0,0.0,0.0,0.0,0.0,0.0
32,0.0008864834600849158,0.0,0.24173004245789204,0.0002799421452899734,0.08785517659683666,0.0005598842905799468,0.00023328512107497783,0.01600335930574348,0.0,0.0,0.0,0.005225586712079504,0.0,0.00018662809685998226,0.0001399710726449867,0.00023328512107497783,0.0001399710726449867,0.003592590864554659,0.1704847664815938,0.0002799421452899734,0.002799421452899734,0.07068539168571829,0.09760649465777073,0.0862688377735268,4.6657024214995566e-05,0.0008864834600849158,0.000979797508514907,0.1316194653105025,0.0001399710726449867,9.331404842999113e-05,0.04852330518359539,0.000326599169504969,0.0147436196519386,0.0,0.0,0.0,0.0,4.6657024214995566e-05,0.0,0.0,0.0,0.0001399710726449867,0.0,0.003779218961414641,0.0,0.0,0.0,0.0,0.01273736761069379,0.0,0.0,0.0,0.0,0.0,0.0,0.0,0.0,4.6657024214995566e-05,0.0,0.0,0.0,0.0,0.0,0.0,0.0,0.0,0.0,0.0006998553632249335,0.0,0.0,0.0,0.0,0.0,0.0,0.0,0.0,0.0,0.0,0.0,0.0,0.0,0.0,0.0,0.0,0.0,0.0,0.0,0.0,0.0,0.0,0.0,0.0,0.0,0.0
33,0.04,0.0,0.0,0.0,0.0,0.048,0.0,0.0,0.0,0.024,0.0,0.072,0.008,0.0,0.0,0.0,0.0,0.016,0.0,0.0,0.104,0.0,0.016,0.0,0.0,0.0,0.0,0.0,0.0,0.0,0.0,0.0,0.0,0.0,0.0,0.0,0.0,0.0,0.016,0.0,0.04,0.024,0.0,0.0,0.032,0.0,0.024,0.056,0.32,0.0,0.056,0.032,0.032,0.024,0.0,0.008,0.0,0.0,0.0,0.0,0.0,0.0,0.0,0.0,0.0,0.0,0.0,0.0,0.0,0.0,0.0,0.0,0.0,0.008,0.0,0.0,0.0,0.0,0.0,0.0,0.0,0.0,0.0,0.0,0.0,0.0,0.0,0.0,0.0,0.0,0.0,0.0,0.0,0.0
34,0.01227830832196453,0.0,0.08799454297407913,0.023192360163710776,0.001364256480218281,0.0006821282401091405,0.0,0.002728512960436562,0.0,0.0,0.0,0.038881309686221006,0.0,0.01296043656207367,0.0034106412005457027,0.002728512960436562,0.005457025920873124,0.16166439290586632,0.0034106412005457027,0.004092769440654843,0.017053206002728513,0.011596180081855388,0.06412005457025921,0.01227830832196453,0.0,0.0,0.0020463847203274215,0.02796725784447476,0.15893587994542974,0.0020463847203274215,0.07844474761255116,0.0006821282401091405,0.0,0.0,0.0,0.0,0.0,0.12210095497953616,0.0,0.0,0.0,0.0,0.0,0.0,0.0,0.0,0.0,0.0,0.13165075034106413,0.0,0.0,0.0,0.0,0.0,0.0,0.0006821282401091405,0.0,0.0,0.0,0.0,0.0,0.0,0.0,0.0,0.0,0.0,0.0,0.0,0.0,0.0,0.0,0.0,0.0,0.0,0.0,0.0,0.0,0.0,0.0,0.009549795361527967,0.0,0.0,0.0,0.0,0.0,0.0,0.0,0.0,0.0,0.0,0.0,0.0,0.0,0.0
35,0.05263157894736842,0.0,0.0,0.0,0.0,0.0,0.0,0.0,0.0,0.0,0.0,0.0,0.0,0.0,0.0,0.05263157894736842,0.05263157894736842,0.0,0.0,0.0,0.0,0.0,0.0,0.0,0.0,0.0,0.0,0.0,0.0,0.10526315789473684,0.0,0.0,0.0,0.0,0.0,0.0,0.0,0.0,0.0,0.0,0.0,0.0,0.0,0.0,0.0,0.0,0.0,0.0,0.6842105263157895,0.0,0.0,0.0,0.0,0.05263157894736842,0.0,0.0,0.0,0.0,0.0,0.0,0.0,0.0,0.0,0.0,0.0,0.0,0.0,0.0,0.0,0.0,0.0,0.0,0.0,0.0,0.0,0.0,0.0,0.0,0.0,0.0,0.0,0.0,0.0,0.0,0.0,0.0,0.0,0.0,0.0,0.0,0.0,0.0,0.0,0.0
36,0.0027881040892193307,0.0,0.44609665427509293,0.0037174721189591076,0.0055762081784386614,0.0,0.013011152416356878,0.004646840148698885,0.0,0.0,0.0,0.013011152416356878,0.0,0.0,0.0,0.0037174721189591076,0.0055762081784386614,0.0037174721189591076,0.032527881040892194,0.0009293680297397769,0.012081784386617101,0.016728624535315983,0.062267657992565055,0.008364312267657992,0.0,0.0,0.008364312267657992,0.15148698884758363,0.0018587360594795538,0.0,0.08178438661710037,0.0027881040892193307,0.0009293680297397769,0.0,0.0,0.0,0.06970260223048327,0.0,0.0,0.0,0.0,0.0,0.0,0.0,0.0,0.0,0.0,0.0,0.04368029739776952,0.0,0.0,0.0,0.0,0.0009293680297397769,0.0,0.0,0.0,0.0,0.0,0.0,0.0,0.0,0.0,0.0,0.0009293680297397769,0.0,0.0,0.0027881040892193307,0.0,0.0,0.0,0.0,0.0,0.0,0.0,0.0,0.0,0.0,0.0,0.0,0.0,0.0,0.0,0.0,0.0,0.0,0.0,0.0,0.0,0.0,0.0,0.0,0.0,0.0
37,0.0020650998131576358,0.0,0.14711377716589635,0.16091388861572753,0.05041465893073721,0.000721145966499492,3.277936211361327e-05,0.001933982364703183,0.0,0.0,0.0,0.004490772609565018,0.0,0.0002294555347952929,0.0,0.00019667617268167962,0.00013111744845445308,0.05765889795784574,0.04136755498737994,0.00019667617268167962,0.001573409381453437,0.007440915199790212,0.12308650473661782,0.038548529845609206,0.09705969121840889,0.000360572983249746,0.0003277936211361327,0.18071262333234994,6.555872422722654e-05,9.833808634083981e-05,0.048906808273510995,0.00026223489690890616,3.277936211361327e-05,0.0,3.277936211361327e-05,0.0,0.00029501425902251943,0.014980168485921264,0.0,0.0,0.0,0.0006555872422722654,0.0,0.0,0.0,0.0,0.0,0.0,0.01642246041892025,0.0,0.0,0.0,0.0,0.0,0.0,0.00013111744845445308,0.0,3.277936211361327e-05,0.0,0.0,0.0,0.0,0.0,0.0,0.0,0.0,0.0,0.0,0.0,0.0,0.0,6.555872422722654e-05,0.0,0.0,0.0,0.0,0.0,0.0,0.0,0.001343953846658144,0.0,0.0,0.0,0.0,9.833808634083981e-05,0.0,0.0,0.0,0.0,0.0,0.0,0.0,0.0,0.0
38,0.020316027088036117,0.0,0.0,0.0,0.0,0.011286681715575621,0.0,0.020316027088036117,0.0,0.17381489841986456,0.0,0.10835214446952596,0.011286681715575621,0.0,0.0,0.002257336343115124,0.0,0.0,0.0,0.0,0.01580135440180587,0.0,0.0,0.0,0.0,0.0,0.0,0.0,0.0,0.0,0.0,0.0,0.0,0.03160270880361174,0.0,0.0,0.0,0.0,0.04740406320541761,0.0,0.09029345372460497,0.011286681715575621,0.0,0.0,0.02708803611738149,0.0,0.05417607223476298,0.020316027088036117,0.16930022573363432,0.0,0.033860045146726865,0.024830699774266364,0.06997742663656885,0.002257336343115124,0.0,0.05191873589164785,0.0,0.0,0.0,0.002257336343115124,0.0,0.0,0.0,0.0,0.0,0.0,0.0,0.0,0.0,0.0,0.0,0.0,0.0,0.0,0.0,0.0,0.0,0.0,0.0,0.0,0.0,0.0,0.0,0.0,0.0,0.0,0.0,0.0,0.0,0.0,0.0,0.0,0.0,0.0
39,0.8,0.0,0.0,0.0,0.0,0.0,0.0,0.0,0.0,0.0,0.0,0.0,0.0,0.0,0.0,0.0,0.0,0.0,0.0,0.0,0.0,0.0,0.0,0.0,0.0,0.0,0.0,0.0,0.0,0.0,0.0,0.0,0.0,0.0,0.0,0.0,0.0,0.0,0.0,0.0,0.0,0.0,0.0,0.0,0.0,0.0,0.0,0.0,0.2,0.0,0.0,0.0,0.0,0.0,0.0,0.0,0.0,0.0,0.0,0.0,0.0,0.0,0.0,0.0,0.0,0.0,0.0,0.0,0.0,0.0,0.0,0.0,0.0,0.0,0.0,0.0,0.0,0.0,0.0,0.0,0.0,0.0,0.0,0.0,0.0,0.0,0.0,0.0,0.0,0.0,0.0,0.0,0.0,0.0
40,0.060498220640569395,0.0,0.0,0.0,0.0,0.0,0.0,0.0,0.0035587188612099642,0.0035587188612099642,0.0,0.017793594306049824,0.1103202846975089,0.0,0.0,0.0,0.0,0.0071174377224199285,0.0,0.0,0.05338078291814947,0.0,0.0,0.0,0.0,0.0,0.0,0.0,0.0,0.0,0.0,0.0,0.0,0.03202846975088968,0.0,0.0,0.0,0.0,0.028469750889679714,0.0,0.2526690391459075,0.014234875444839857,0.0,0.0,0.0035587188612099642,0.0,0.0,0.028469750889679714,0.3274021352313167,0.0,0.0035587188612099642,0.0,0.0035587188612099642,0.017793594306049824,0.0,0.02491103202846975,0.0,0.0,0.0,0.0,0.0,0.0,0.0,0.0,0.0,0.0,0.0,0.0,0.0,0.0,0.0,0.0,0.0,0.0035587188612099642,0.0035587188612099642,0.0,0.0,0.0,0.0,0.0,0.0,0.0,0.0,0.0,0.0,0.0,0.0,0.0,0.0,0.0,0.0,0.0,0.0,0.0
41,0.027700831024930747,0.0,0.0,0.0,0.0,0.0,0.0,0.000554016620498615,0.0,0.0,0.0,0.04265927977839335,0.0,0.0,0.0,0.018836565096952907,0.0,0.0,0.0,0.0016620498614958448,0.0925207756232687,0.0,0.0,0.0,0.0,0.0,0.0,0.0,0.0,0.6166204986149585,0.0,0.0,0.0,0.0,0.0,0.0,0.0,0.0,0.0,0.0,0.0,0.0,0.0,0.0,0.0,0.0,0.0,0.0,0.19889196675900278,0.0,0.0,0.0,0.0,0.0,0.0,0.0,0.0,0.0,0.0,0.000554016620498615,0.0,0.0,0.0,0.0,0.0,0.0,0.0,0.0,0.0,0.0,0.0,0.0,0.0,0.0,0.0,0.0,0.0,0.0,0.0,0.0,0.0,0.0,0.0,0.0,0.0,0.0,0.0,0.0,0.0,0.0,0.0,0.0,0.0,0.0
42,0.043478260869565216,0.0,0.0,0.0,0.34782608695652173,0.0,0.08695652173913043,0.0,0.0,0.0,0.0,0.0,0.0,0.0,0.0,0.0,0.0,0.0,0.0,0.0,0.0,0.0,0.0,0.0,0.0,0.08695652173913043,0.08695652173913043,0.0,0.0,0.0,0.0,0.0,0.0,0.0,0.0,0.0,0.0,0.13043478260869565,0.0,0.0,0.0,0.0,0.0,0.0,0.0,0.0,0.0,0.0,0.21739130434782608,0.0,0.0,0.0,0.0,0.0,0.0,0.0,0.0,0.0,0.0,0.0,0.0,0.0,0.0,0.0,0.0,0.0,0.0,0.0,0.0,0.0,0.0,0.0,0.0,0.0,0.0,0.0,0.0,0.0,0.0,0.0,0.0,0.0,0.0,0.0,0.0,0.0,0.0,0.0,0.0,0.0,0.0,0.0,0.0,0.0
43,0.00041425020712510354,0.0,0.20463960231980116,0.0,0.0,0.0,0.0,0.0,0.0,0.0,0.0,0.07746478873239436,0.0,0.0,0.00041425020712510354,0.00041425020712510354,0.0,0.0,0.0,0.0,0.00041425020712510354,0.0,0.1495443247721624,0.21789560894780446,0.0,0.00041425020712510354,0.0,0.30447390223695114,0.0,0.0,0.035625517812758904,0.0008285004142502071,0.0,0.0,0.0,0.0,0.0,0.0008285004142502071,0.0,0.00041425020712510354,0.0,0.0,0.0,0.0,0.0,0.0,0.0,0.0,0.005385252692626346,0.0,0.0,0.0,0.0,0.0,0.0,0.0,0.0,0.00041425020712510354,0.0,0.0,0.0,0.0,0.0,0.0,0.0,0.0,0.0,0.0,0.0,0.0,0.0,0.0,0.0,0.0,0.0,0.0,0.0,0.0,0.0,0.0,0.0,0.0,0.0,0.00041425020712510354,0.0,0.0,0.0,0.0,0.0,0.0,0.0,0.0,0.0,0.0
44,0.07692307692307693,0.0,0.0,0.0,0.0,0.0,0.0,0.01282051282051282,0.0,0.02564102564102564,0.0,0.038461538461538464,0.038461538461538464,0.0,0.0,0.0,0.0,0.05128205128205128,0.0,0.0,0.1282051282051282,0.0,0.0,0.0,0.0,0.0,0.0,0.0,0.0,0.0,0.0,0.0,0.0,0.02564102564102564,0.0,0.0,0.0,0.01282051282051282,0.01282051282051282,0.0,0.05128205128205128,0.038461538461538464,0.0,0.0,0.038461538461538464,0.0,0.038461538461538464,0.0,0.2948717948717949,0.0,0.01282051282051282,0.02564102564102564,0.038461538461538464,0.01282051282051282,0.0,0.02564102564102564,0.0,0.0,0.0,0.0,0.0,0.0,0.0,0.0,0.0,0.0,0.0,0.0,0.0,0.0,0.0,0.0,0.0,0.0,0.0,0.0,0.0,0.0,0.0,0.0,0.0,0.0,0.0,0.0,0.0,0.0,0.0,0.0,0.0,0.0,0.0,0.0,0.0,0.0
45,0.3333333333333333,0.0,0.0,0.0,0.0,0.0,0.0,0.0,0.0,0.0,0.0,0.0,0.0,0.0,0.0,0.0,0.0,0.0,0.0,0.0,0.0,0.0,0.0,0.0,0.0,0.0,0.0,0.0,0.0,0.0,0.0,0.0,0.0,0.0,0.0,0.0,0.0,0.0,0.0,0.0,0.0,0.0,0.0,0.0,0.0,0.0,0.0,0.0,0.6666666666666666,0.0,0.0,0.0,0.0,0.0,0.0,0.0,0.0,0.0,0.0,0.0,0.0,0.0,0.0,0.0,0.0,0.0,0.0,0.0,0.0,0.0,0.0,0.0,0.0,0.0,0.0,0.0,0.0,0.0,0.0,0.0,0.0,0.0,0.0,0.0,0.0,0.0,0.0,0.0,0.0,0.0,0.0,0.0,0.0,0.0
46,0.02631578947368421,0.0,0.0,0.0,0.0,0.0,0.0,0.0,0.0,0.0,0.0,0.05263157894736842,0.008771929824561403,0.0,0.0,0.008771929824561403,0.0,0.008771929824561403,0.0,0.0,0.07894736842105263,0.0,0.0,0.0,0.0,0.0,0.0,0.0,0.0,0.0,0.0,0.0,0.0,0.043859649122807015,0.0,0.0,0.0,0.0,0.0,0.0,0.12280701754385964,0.008771929824561403,0.0,0.0,0.017543859649122806,0.0,0.008771929824561403,0.02631578947368421,0.47368421052631576,0.0,0.0,0.02631578947368421,0.02631578947368421,0.0,0.0,0.043859649122807015,0.0,0.0,0.0,0.0,0.0,0.0,0.0,0.0,0.0,0.0,0.0,0.0,0.0,0.0,0.0,0.0,0.0,0.008771929824561403,0.008771929824561403,0.0,0.0,0.0,0.0,0.0,0.0,0.0,0.0,0.0,0.0,0.0,0.0,0.0,0.0,0.0,0.0,0.0,0.0,0.0
47,0.046153846153846156,0.0,0.0,0.0,0.015384615384615385,0.0,0.0,0.0,0.0,0.015384615384615385,0.0,0.09230769230769231,0.0,0.0,0.0,0.007692307692307693,0.0,0.007692307692307693,0.0,0.0,0.08461538461538462,0.0,0.0,0.0,0.0,0.0,0.0,0.0,0.0,0.0,0.0,0.0,0.0,0.023076923076923078,0.0,0.0,0.0,0.0,0.023076923076923078,0.0,0.15384615384615385,0.03076923076923077,0.0,0.0,0.023076923076923078,0.0,0.038461538461538464,0.03076923076923077,0.3230769230769231,0.0,0.015384615384615385,0.046153846153846156,0.007692307692307693,0.007692307692307693,0.0,0.007692307692307693,0.0,0.0,0.0,0.0,0.0,0.0,0.0,0.0,0.0,0.0,0.0,0.0,0.0,0.0,0.0,0.0,0.0,0.0,0.0,0.0,0.0,0.0,0.0,0.0,0.0,0.0,0.0,0.0,0.0,0.0,0.0,0.0,0.0,0.0,0.0,0.0,0.0,0.0
48,4.0755276789462315e-06,0.0,0.017349521329274108,0.0743050206425477,0.020618094527788986,0.03043196517869151,0.02268846258869367,0.07579666377304202,0.00014671899644206433,0.00016302110715784925,0.00015894557947890303,2.852869375262362e-05,6.113291518419347e-05,0.03786165213741049,0.061389673427967084,0.0,0.0,0.1385190347520245,0.030448267289407294,0.0,0.0,0.01410132576915396,0.10114237040840864,0.010050251256281407,0.007633463342666292,0.020728133775120533,0.04214910725566193,0.0691494781286807,0.03406733586831155,0.006916170471171755,0.05960051677690969,0.00013449241340522563,0.05154319855563299,0.00023638060537888142,7.335949822103217e-05,2.445316607367739e-05,0.0002608337714525588,0.04073082362338864,0.0012960178019049016,0.0,8.151055357892463e-05,1.2226583036838695e-05,1.6302110715784926e-05,0.006936548109566486,8.966160893681709e-05,0.0,0.00022415402234204275,0.00024045613305782767,0.01037221794291816,0.00010188819197365579,0.00011411477501049449,0.0005257430705840638,0.00012226583036838693,1.2226583036838695e-05,0.0,0.0,4.0755276789462314e-05,8.151055357892463e-06,0.0,0.002359730526109868,0.0,0.0,4.0755276789462315e-06,0.0,0.0,0.0,0.0,0.006141820212171971,7.74350258999784e-05,0.0,0.0,1.2226583036838695e-05,0.0,8.151055357892463e-06,0.0,4.0755276789462315e-06,0.0,0.0,0.0,0.0026450174636361043,0.0,1.2226583036838695e-05,1.2226583036838695e-05,0.0,0.0,0.0,0.0,0.0,4.0755276789462315e-06,0.0,0.0,4.0755276789462315e-06,4.0755276789462315e-06,4.0755276789462315e-06
49,0.0967741935483871,0.0,0.0,0.0,0.0,0.0,0.0,0.0,0.0,0.0,0.0,0.16129032258064516,0.0,0.0,0.0,0.0,0.0,0.0,0.0,0.0,0.03225806451612903,0.0,0.0,0.0,0.0,0.0,0.0,0.0,0.0,0.0,0.0,0.0,0.0,0.0,0.0,0.0,0.0,0.0,0.0,0.0,0.0,0.0,0.0,0.0,0.0,0.0,0.0,0.0,0.7096774193548387,0.0,0.0,0.0,0.0,0.0,0.0,0.0,0.0,0.0,0.0,0.0,0.0,0.0,0.0,0.0,0.0,0.0,0.0,0.0,0.0,0.0,0.0,0.0,0.0,0.0,0.0,0.0,0.0,0.0,0.0,0.0,0.0,0.0,0.0,0.0,0.0,0.0,0.0,0.0,0.0,0.0,0.0,0.0,0.0,0.0
50,0.05,0.0,0.0,0.0,0.0,0.01,0.0,0.0,0.0,0.0,0.0,0.07,0.01,0.0,0.0,0.01,0.0,0.01,0.0,0.0,0.09,0.0,0.0,0.0,0.0,0.0,0.0,0.0,0.0,0.0,0.0,0.0,0.0,0.04,0.0,0.0,0.0,0.0,0.01,0.0,0.05,0.02,0.0,0.0,0.0,0.0,0.04,0.01,0.47,0.0,0.05,0.03,0.01,0.01,0.0,0.01,0.0,0.0,0.0,0.0,0.0,0.0,0.0,0.0,0.0,0.0,0.0,0.0,0.0,0.0,0.0,0.0,0.0,0.0,0.0,0.0,0.0,0.0,0.0,0.0,0.0,0.0,0.0,0.0,0.0,0.0,0.0,0.0,0.0,0.0,0.0,0.0,0.0,0.0
51,0.027777777777777776,0.0,0.0,0.0,0.0,0.027777777777777776,0.0,0.004629629629629629,0.0,0.009259259259259259,0.0,0.027777777777777776,0.018518518518518517,0.0,0.0,0.0,0.0,0.0,0.0,0.0,0.05555555555555555,0.0,0.0,0.0,0.0,0.032407407407407406,0.0,0.004629629629629629,0.0,0.0,0.0,0.0,0.0,0.023148148148148147,0.0,0.0,0.0,0.0,0.046296296296296294,0.0,0.1388888888888889,0.013888888888888888,0.0,0.0,0.046296296296296294,0.0,0.013888888888888888,0.027777777777777776,0.35185185185185186,0.0,0.023148148148148147,0.032407407407407406,0.041666666666666664,0.004629629629629629,0.0,0.023148148148148147,0.0,0.0,0.0,0.0,0.0,0.0,0.0,0.0,0.0,0.0,0.0,0.0,0.0,0.0,0.0,0.0,0.0,0.0,0.004629629629629629,0.0,0.0,0.0,0.0,0.0,0.0,0.0,0.0,0.0,0.0,0.0,0.0,0.0,0.0,0.0,0.0,0.0,0.0,0.0
52,0.01639344262295082,0.0,0.0,0.0,0.0,0.0,0.0,0.0,0.0,0.01639344262295082,0.0,0.06557377049180328,0.01639344262295082,0.0,0.0,0.00819672131147541,0.0,0.01639344262295082,0.0,0.0,0.04918032786885246,0.0,0.0,0.0,0.0,0.0,0.0,0.0,0.0,0.0,0.0,0.0,0.0,0.02459016393442623,0.0,0.0,0.0,0.0,0.02459016393442623,0.0,0.21311475409836064,0.0,0.0,0.0,0.00819672131147541,0.0,0.00819672131147541,0.08196721311475409,0.28688524590163933,0.0,0.03278688524590164,0.08196721311475409,0.040983606557377046,0.00819672131147541,0.0,0.0,0.0,0.0,0.0,0.0,0.0,0.0,0.0,0.0,0.0,0.0,0.0,0.0,0.0,0.0,0.0,0.0,0.0,0.0,0.0,0.0,0.0,0.0,0.0,0.0,0.0,0.0,0.0,0.0,0.0,0.0,0.0,0.0,0.0,0.0,0.0,0.0,0.0,0.0
53,0.003236245954692557,0.0,0.012944983818770227,0.019417475728155338,0.003236245954692557,0.025889967637540454,0.05177993527508091,0.019417475728155338,0.0,0.003236245954692557,0.0,0.0,0.0,0.009708737864077669,0.012944983818770227,0.0,0.0,0.28802588996763756,0.045307443365695796,0.0,0.006472491909385114,0.003236245954692557,0.012944983818770227,0.006472491909385114,0.003236245954692557,0.016181229773462782,0.03559870550161812,0.1779935275080906,0.025889967637540454,0.003236245954692557,0.0744336569579288,0.0,0.016181229773462782,0.0,0.0,0.003236245954692557,0.003236245954692557,0.012944983818770227,0.019417475728155338,0.0,0.019417475728155338,0.006472491909385114,0.0,0.006472491909385114,0.003236245954692557,0.0,0.0,0.0,0.032362459546925564,0.0,0.006472491909385114,0.0,0.0,0.006472491909385114,0.0,0.0,0.0,0.0,0.0,0.0,0.0,0.0,0.0,0.0,0.0,0.0,0.0,0.003236245954692557,0.0,0.0,0.0,0.0,0.0,0.0,0.0,0.0,0.0,0.0,0.0,0.0,0.0,0.0,0.0,0.0,0.0,0.0,0.0,0.0,0.0,0.0,0.0,0.0,0.0,0.0
54,1.0,0.0,0.0,0.0,0.0,0.0,0.0,0.0,0.0,0.0,0.0,0.0,0.0,0.0,0.0,0.0,0.0,0.0,0.0,0.0,0.0,0.0,0.0,0.0,0.0,0.0,0.0,0.0,0.0,0.0,0.0,0.0,0.0,0.0,0.0,0.0,0.0,0.0,0.0,0.0,0.0,0.0,0.0,0.0,0.0,0.0,0.0,0.0,0.0,0.0,0.0,0.0,0.0,0.0,0.0,0.0,0.0,0.0,0.0,0.0,0.0,0.0,0.0,0.0,0.0,0.0,0.0,0.0,0.0,0.0,0.0,0.0,0.0,0.0,0.0,0.0,0.0,0.0,0.0,0.0,0.0,0.0,0.0,0.0,0.0,0.0,0.0,0.0,0.0,0.0,0.0,0.0,0.0,0.0
55,0.015384615384615385,0.0,0.0,0.015384615384615385,0.0,0.03076923076923077,0.0,0.0,0.0,0.015384615384615385,0.0,0.0,0.03076923076923077,0.0,0.046153846153846156,0.0,0.0,0.0,0.015384615384615385,0.0,0.0,0.015384615384615385,0.0,0.0,0.0,0.0,0.0,0.06153846153846154,0.0,0.0,0.0,0.0,0.0,0.09230769230769231,0.0,0.0,0.0,0.046153846153846156,0.015384615384615385,0.0,0.015384615384615385,0.0,0.0,0.0,0.015384615384615385,0.0,0.0,0.03076923076923077,0.0,0.0,0.13846153846153847,0.2,0.0,0.18461538461538463,0.0,0.015384615384615385,0.0,0.0,0.0,0.0,0.0,0.0,0.0,0.0,0.0,0.0,0.0,0.0,0.0,0.0,0.0,0.0,0.0,0.0,0.0,0.0,0.0,0.0,0.0,0.0,0.0,0.0,0.0,0.0,0.0,0.0,0.0,0.0,0.0,0.0,0.0,0.0,0.0,0.0
56,0.045454545454545456,0.0,0.0,0.0,0.045454545454545456,0.045454545454545456,0.0,0.0,0.0,0.0,0.0,0.0,0.0,0.0,0.0,0.0,0.0,0.045454545454545456,0.0,0.0,0.0,0.0,0.0,0.0,0.0,0.0,0.0,0.0,0.3181818181818182,0.0,0.045454545454545456,0.0,0.0,0.0,0.0,0.0,0.0,0.0,0.0,0.0,0.0,0.045454545454545456,0.0,0.0,0.0,0.0,0.0,0.0,0.4090909090909091,0.0,0.0,0.0,0.0,0.0,0.0,0.0,0.0,0.0,0.0,0.0,0.0,0.0,0.0,0.0,0.0,0.0,0.0,0.0,0.0,0.0,0.0,0.0,0.0,0.0,0.0,0.0,0.0,0.0,0.0,0.0,0.0,0.0,0.0,0.0,0.0,0.0,0.0,0.0,0.0,0.0,0.0,0.0,0.0,0.0
57,0.0,0.0,0.13114754098360656,0.0,0.01639344262295082,0.0,0.01639344262295082,0.08196721311475409,0.0,0.0,0.0,0.03278688524590164,0.0,0.01639344262295082,0.0,0.0,0.04918032786885246,0.08196721311475409,0.11475409836065574,0.0,0.01639344262295082,0.0,0.03278688524590164,0.0,0.0,0.03278688524590164,0.0,0.03278688524590164,0.01639344262295082,0.09836065573770492,0.0,0.01639344262295082,0.01639344262295082,0.0,0.0,0.0,0.01639344262295082,0.03278688524590164,0.0,0.0,0.0,0.0,0.0,0.0,0.0,0.0,0.0,0.0,0.11475409836065574,0.0,0.0,0.0,0.0,0.01639344262295082,0.0,0.0,0.0,0.0,0.0,0.0,0.0,0.0,0.0,0.0,0.0,0.0,0.0,0.01639344262295082,0.0,0.0,0.0,0.0,0.0,0.0,0.0,0.0,0.0,0.0,0.0,0.0,0.0,0.0,0.0,0.0,0.0,0.0,0.0,0.0,0.0,0.0,0.0,0.0,0.0,0.0
58,0.0,0.0,0.0,0.0,0.0,0.0,0.0,0.0,0.0,0.0,0.0,0.0,0.0,0.0,0.0,0.0,0.0,0.5,0.0,0.0,0.0,0.0,0.0,0.0,0.0,0.5,0.0,0.0,0.0,0.0,0.0,0.0,0.0,0.0,0.0,0.0,0.0,0.0,0.0,0.0,0.0,0.0,0.0,0.0,0.0,0.0,0.0,0.0,0.0,0.0,0.0,0.0,0.0,0.0,0.0,0.0,0.0,0.0,0.0,0.0,0.0,0.0,0.0,0.0,0.0,0.0,0.0,0.0,0.0,0.0,0.0,0.0,0.0,0.0,0.0,0.0,0.0,0.0,0.0,0.0,0.0,0.0,0.0,0.0,0.0,0.0,0.0,0.0,0.0,0.0,0.0,0.0,0.0,0.0
59,0.0,0.0,0.023424428332403793,0.17233686558839934,0.02788622420524261,0.019520356943669825,0.022308979364194088,0.10987172336865589,0.0,0.0011154489682097045,0.0,0.0,0.0,0.027328499721137756,0.05967651979921919,0.0,0.0,0.10429447852760736,0.03290574456218628,0.0,0.0,0.002788622420524261,0.07975460122699386,0.004461795872838818,0.0039040713887339654,0.013943112102621304,0.03680981595092025,0.018404907975460124,0.04350250976017847,0.010039040713887339,0.05242610150585611,0.0,0.05856107083100948,0.0,0.0,0.0,0.0033463469046291134,0.04127161182375906,0.0050195203569436695,0.0,0.0,0.0,0.0,0.007250418293363078,0.0005577244841048522,0.0,0.0011154489682097045,0.0011154489682097045,0.0,0.0011154489682097045,0.0,0.002788622420524261,0.0,0.0,0.0,0.0,0.0005577244841048522,0.0,0.0,0.0,0.0,0.0,0.0,0.0,0.0,0.0,0.0,0.005577244841048522,0.0,0.0,0.0,0.0,0.0011154489682097045,0.0,0.0,0.0,0.0,0.0,0.0,0.0033463469046291134,0.0,0.0,0.0,0.0,0.0,0.0,0.0,0.0,0.0,0.0,0.0,0.0,0.0005577244841048522,0.0
60,0.0,0.0,0.0,0.0,0.0,0.0,0.0,0.0,0.0,0.0,0.0,0.0,0.0,0.0,0.0,0.0,0.0,0.6666666666666666,0.3333333333333333,0.0,0.0,0.0,0.0,0.0,0.0,0.0,0.0,0.0,0.0,0.0,0.0,0.0,0.0,0.0,0.0,0.0,0.0,0.0,0.0,0.0,0.0,0.0,0.0,0.0,0.0,0.0,0.0,0.0,0.0,0.0,0.0,0.0,0.0,0.0,0.0,0.0,0.0,0.0,0.0,0.0,0.0,0.0,0.0,0.0,0.0,0.0,0.0,0.0,0.0,0.0,0.0,0.0,0.0,0.0,0.0,0.0,0.0,0.0,0.0,0.0,0.0,0.0,0.0,0.0,0.0,0.0,0.0,0.0,0.0,0.0,0.0,0.0,0.0,0.0
61,0.0,0.0,0.0,0.0,0.0,0.0,0.0,0.0,0.0,0.0,0.0,0.0,0.0,0.0,0.0,0.0,0.0,0.8571428571428571,0.0,0.0,0.0,0.0,0.0,0.0,0.0,0.0,0.14285714285714285,0.0,0.0,0.0,0.0,0.0,0.0,0.0,0.0,0.0,0.0,0.0,0.0,0.0,0.0,0.0,0.0,0.0,0.0,0.0,0.0,0.0,0.0,0.0,0.0,0.0,0.0,0.0,0.0,0.0,0.0,0.0,0.0,0.0,0.0,0.0,0.0,0.0,0.0,0.0,0.0,0.0,0.0,0.0,0.0,0.0,0.0,0.0,0.0,0.0,0.0,0.0,0.0,0.0,0.0,0.0,0.0,0.0,0.0,0.0,0.0,0.0,0.0,0.0,0.0,0.0,0.0,0.0
62,0.0,0.0,0.0,0.0,0.047619047619047616,0.0,0.0,0.047619047619047616,0.0,0.0,0.0,0.0,0.0,0.047619047619047616,0.0,0.0,0.0,0.19047619047619047,0.19047619047619047,0.0,0.09523809523809523,0.09523809523809523,0.0,0.0,0.09523809523809523,0.047619047619047616,0.0,0.0,0.0,0.0,0.0,0.0,0.0,0.0,0.0,0.0,0.0,0.0,0.0,0.0,0.0,0.0,0.0,0.0,0.0,0.0,0.0,0.0,0.09523809523809523,0.0,0.0,0.0,0.0,0.0,0.0,0.0,0.0,0.0,0.0,0.0,0.0,0.0,0.0,0.0,0.0,0.0,0.0,0.047619047619047616,0.0,0.0,0.0,0.0,0.0,0.0,0.0,0.0,0.0,0.0,0.0,0.0,0.0,0.0,0.0,0.0,0.0,0.0,0.0,0.0,0.0,0.0,0.0,0.0,0.0,0.0
63,0.0,0.0,0.0,0.0,0.0,0.0,0.0,0.0,0.0,0.0,0.0,0.0,0.0,0.0,0.0,0.0,0.0,0.5,0.0,0.0,0.0,0.0,0.0,0.0,0.0,0.0,0.0,0.0,0.0,0.0,0.0,0.0,0.0,0.0,0.0,0.0,0.0,0.5,0.0,0.0,0.0,0.0,0.0,0.0,0.0,0.0,0.0,0.0,0.0,0.0,0.0,0.0,0.0,0.0,0.0,0.0,0.0,0.0,0.0,0.0,0.0,0.0,0.0,0.0,0.0,0.0,0.0,0.0,0.0,0.0,0.0,0.0,0.0,0.0,0.0,0.0,0.0,0.0,0.0,0.0,0.0,0.0,0.0,0.0,0.0,0.0,0.0,0.0,0.0,0.0,0.0,0.0,0.0,0.0
64,0.0,0.0,0.0,0.0,0.0,0.0,0.16666666666666666,0.4166666666666667,0.0,0.0,0.0,0.0,0.0,0.0,0.0,0.0,0.0,0.25,0.0,0.0,0.0,0.0,0.0,0.0,0.0,0.0,0.0,0.0,0.08333333333333333,0.0,0.0,0.0,0.0,0.0,0.0,0.0,0.08333333333333333,0.0,0.0,0.0,0.0,0.0,0.0,0.0,0.0,0.0,0.0,0.0,0.0,0.0,0.0,0.0,0.0,0.0,0.0,0.0,0.0,0.0,0.0,0.0,0.0,0.0,0.0,0.0,0.0,0.0,0.0,0.0,0.0,0.0,0.0,0.0,0.0,0.0,0.0,0.0,0.0,0.0,0.0,0.0,0.0,0.0,0.0,0.0,0.0,0.0,0.0,0.0,0.0,0.0,0.0,0.0,0.0,0.0
65,0.0,0.0,0.0,0.0,0.5,0.0,0.0,0.0,0.0,0.0,0.0,0.0,0.0,0.0,0.0,0.0,0.0,0.5,0.0,0.0,0.0,0.0,0.0,0.0,0.0,0.0,0.0,0.0,0.0,0.0,0.0,0.0,0.0,0.0,0.0,0.0,0.0,0.0,0.0,0.0,0.0,0.0,0.0,0.0,0.0,0.0,0.0,0.0,0.0,0.0,0.0,0.0,0.0,0.0,0.0,0.0,0.0,0.0,0.0,0.0,0.0,0.0,0.0,0.0,0.0,0.0,0.0,0.0,0.0,0.0,0.0,0.0,0.0,0.0,0.0,0.0,0.0,0.0,0.0,0.0,0.0,0.0,0.0,0.0,0.0,0.0,0.0,0.0,0.0,0.0,0.0,0.0,0.0,0.0
66,0.0,0.0,0.0,0.18181818181818182,0.0,0.0,0.0,0.0,0.0,0.0,0.0,0.0,0.0,0.0,0.0,0.0,0.0,0.5454545454545454,0.0,0.0,0.0,0.0,0.0,0.0,0.0,0.0,0.0,0.09090909090909091,0.0,0.0,0.0,0.0,0.0,0.0,0.0,0.0,0.0,0.09090909090909091,0.0,0.0,0.0,0.0,0.0,0.0,0.0,0.0,0.0,0.0,0.0,0.0,0.0,0.0,0.0,0.0,0.0,0.0,0.0,0.0,0.0,0.0,0.0,0.0,0.0,0.0,0.0,0.0,0.0,0.0,0.0,0.0,0.0,0.0,0.0,0.0,0.0,0.0,0.0,0.0,0.0,0.09090909090909091,0.0,0.0,0.0,0.0,0.0,0.0,0.0,0.0,0.0,0.0,0.0,0.0,0.0,0.0
67,0.0,0.0,0.6857142857142857,0.0,0.000911854103343465,0.0,0.0,0.00030395136778115504,0.0,0.0,0.0,0.004154002026342452,0.0,0.0,0.0,0.0,0.0,0.0,0.00030395136778115504,0.0,0.00020263424518743666,0.016210739614994935,0.06869300911854104,0.0028368794326241137,0.0,0.0005065856129685917,0.0,0.059574468085106386,0.0,0.0,0.15734549138804457,0.0,0.0,0.0,0.0,0.0,0.0,0.0,0.0,0.0,0.0,0.0,0.0,0.0,0.0,0.0,0.0,0.0,0.0007092198581560284,0.0,0.0,0.0,0.0,0.0,0.0,0.0,0.0,0.00020263424518743666,0.0,0.0,0.00010131712259371833,0.0,0.00010131712259371833,0.0,0.0,0.0,0.0,0.002127659574468085,0.0,0.0,0.0,0.0,0.0,0.0,0.0,0.0,0.0,0.0,0.0,0.0,0.0,0.0,0.0,0.0,0.0,0.0,0.0,0.0,0.0,0.0,0.0,0.0,0.0,0.0
68,0.0,0.0,0.02702702702702703,0.0,0.0,0.0,0.0,0.0,0.0,0.0,0.0,0.0,0.0,0.0,0.0,0.0,0.0,0.0,0.0,0.0,0.0,0.0,0.0,0.0,0.0,0.0,0.0,0.0,0.0,0.0,0.0,0.0,0.0,0.0,0.0,0.0,0.0,0.0,0.0,0.0,0.0,0.0,0.0,0.0,0.0,0.0,0.0,0.0,0.972972972972973,0.0,0.0,0.0,0.0,0.0,0.0,0.0,0.0,0.0,0.0,0.0,0.0,0.0,0.0,0.0,0.0,0.0,0.0,0.0,0.0,0.0,0.0,0.0,0.0,0.0,0.0,0.0,0.0,0.0,0.0,0.0,0.0,0.0,0.0,0.0,0.0,0.0,0.0,0.0,0.0,0.0,0.0,0.0,0.0,0.0
69,0.0,0.0,0.0,0.0,0.0,0.0,0.0,0.0,0.0,0.0,0.0,0.0,0.0,0.0,0.0,0.0,0.0,0.0,0.0,0.0,0.0,0.0,0.0,0.0,0.0,0.0,0.0,0.0,0.0,0.0,0.0,0.0,0.0,0.0,0.0,0.0,0.0,0.0,0.0,0.0,0.0,0.0,0.0,0.0,0.0,0.0,0.0,0.0,1.0,0.0,0.0,0.0,0.0,0.0,0.0,0.0,0.0,0.0,0.0,0.0,0.0,0.0,0.0,0.0,0.0,0.0,0.0,0.0,0.0,0.0,0.0,0.0,0.0,0.0,0.0,0.0,0.0,0.0,0.0,0.0,0.0,0.0,0.0,0.0,0.0,0.0,0.0,0.0,0.0,0.0,0.0,0.0,0.0,0.0
70,0.0,0.0,0.0,0.0,0.0,0.0,0.0,0.0,0.0,0.0,0.0,0.5,0.0,0.0,0.0,0.0,0.0,0.0,0.0,0.0,0.0,0.0,0.0,0.0,0.0,0.0,0.0,0.0,0.0,0.0,0.0,0.0,0.0,0.0,0.0,0.0,0.0,0.0,0.0,0.0,0.0,0.0,0.0,0.0,0.0,0.0,0.0,0.0,0.5,0.0,0.0,0.0,0.0,0.0,0.0,0.0,0.0,0.0,0.0,0.0,0.0,0.0,0.0,0.0,0.0,0.0,0.0,0.0,0.0,0.0,0.0,0.0,0.0,0.0,0.0,0.0,0.0,0.0,0.0,0.0,0.0,0.0,0.0,0.0,0.0,0.0,0.0,0.0,0.0,0.0,0.0,0.0,0.0,0.0
71,0.0,0.0,0.0,0.0,0.0,0.0,0.0,0.2,0.0,0.0,0.0,0.1,0.0,0.0,0.0,0.0,0.0,0.0,0.0,0.0,0.0,0.0,0.1,0.0,0.0,0.3,0.0,0.0,0.0,0.0,0.0,0.0,0.0,0.0,0.0,0.0,0.0,0.1,0.0,0.0,0.0,0.0,0.0,0.0,0.0,0.0,0.0,0.0,0.2,0.0,0.0,0.0,0.0,0.0,0.0,0.0,0.0,0.0,0.0,0.0,0.0,0.0,0.0,0.0,0.0,0.0,0.0,0.0,0.0,0.0,0.0,0.0,0.0,0.0,0.0,0.0,0.0,0.0,0.0,0.0,0.0,0.0,0.0,0.0,0.0,0.0,0.0,0.0,0.0,0.0,0.0,0.0,0.0,0.0
72,0.0,0.0,0.0,0.0,0.0,0.0,0.0,0.0,0.0,0.0,0.0,0.0,0.0,0.0,0.0,0.0,0.0,0.0,0.0,0.0,0.0,0.0,0.0,0.0,0.0,0.0,0.0,0.0,0.0,0.0,0.0,0.0,0.0,0.0,0.0,0.0,0.0,0.0,0.0,0.0,0.0,0.0,0.0,0.0,0.0,0.0,0.0,0.0,1.0,0.0,0.0,0.0,0.0,0.0,0.0,0.0,0.0,0.0,0.0,0.0,0.0,0.0,0.0,0.0,0.0,0.0,0.0,0.0,0.0,0.0,0.0,0.0,0.0,0.0,0.0,0.0,0.0,0.0,0.0,0.0,0.0,0.0,0.0,0.0,0.0,0.0,0.0,0.0,0.0,0.0,0.0,0.0,0.0,0.0
73,0.0,0.0,0.0,0.0,0.0,0.0,0.0,0.0,0.0,0.0,0.0,0.0,0.0,0.0,0.0,0.0,0.0,0.0,0.0,0.0,0.0,0.0,0.0,0.0,0.0,0.0,0.0,0.0,0.0,0.0,0.0,0.0,0.0,0.0,0.0,0.0,0.0,0.0,0.0,0.0,0.0,0.0,0.0,0.0,0.0,0.0,0.0,0.0,1.0,0.0,0.0,0.0,0.0,0.0,0.0,0.0,0.0,0.0,0.0,0.0,0.0,0.0,0.0,0.0,0.0,0.0,0.0,0.0,0.0,0.0,0.0,0.0,0.0,0.0,0.0,0.0,0.0,0.0,0.0,0.0,0.0,0.0,0.0,0.0,0.0,0.0,0.0,0.0,0.0,0.0,0.0,0.0,0.0,0.0
74,0.0,0.0,0.0,0.0,0.0,0.0,0.0,0.0,0.0,0.0,0.0,0.0,0.0,0.0,0.0,0.0,0.0,0.0,0.0,0.0,0.0,0.0,0.0,0.0,0.0,0.0,0.0,0.0,0.0,0.0,0.0,0.0,0.0,0.0,0.0,0.0,0.0,0.0,0.0,0.0,0.0,0.0,0.0,0.0,0.0,0.0,0.0,0.0,1.0,0.0,0.0,0.0,0.0,0.0,0.0,0.0,0.0,0.0,0.0,0.0,0.0,0.0,0.0,0.0,0.0,0.0,0.0,0.0,0.0,0.0,0.0,0.0,0.0,0.0,0.0,0.0,0.0,0.0,0.0,0.0,0.0,0.0,0.0,0.0,0.0,0.0,0.0,0.0,0.0,0.0,0.0,0.0,0.0,0.0
75,0.0,0.0,0.0,0.0,0.0,0.0,0.0,0.0,0.0,0.0,0.0,0.0,0.0,0.0,0.0,0.0,0.0,0.0,0.0,0.0,0.0,0.0,0.0,0.0,0.0,0.0,0.0,0.0,0.0,0.0,0.0,0.0,0.0,0.0,0.0,0.0,0.0,0.0,0.0,0.0,0.0,0.0,0.0,0.0,0.0,0.0,0.0,0.0,1.0,0.0,0.0,0.0,0.0,0.0,0.0,0.0,0.0,0.0,0.0,0.0,0.0,0.0,0.0,0.0,0.0,0.0,0.0,0.0,0.0,0.0,0.0,0.0,0.0,0.0,0.0,0.0,0.0,0.0,0.0,0.0,0.0,0.0,0.0,0.0,0.0,0.0,0.0,0.0,0.0,0.0,0.0,0.0,0.0,0.0
76,0.0,0.0,0.0,0.0,0.0,0.0,0.0,0.0,0.0,0.0,0.0,0.0,0.0,0.0,0.0,0.0,0.0,0.0,0.0,0.0,0.0,0.0,0.5,0.0,0.0,0.0,0.0,0.0,0.5,0.0,0.0,0.0,0.0,0.0,0.0,0.0,0.0,0.0,0.0,0.0,0.0,0.0,0.0,0.0,0.0,0.0,0.0,0.0,0.0,0.0,0.0,0.0,0.0,0.0,0.0,0.0,0.0,0.0,0.0,0.0,0.0,0.0,0.0,0.0,0.0,0.0,0.0,0.0,0.0,0.0,0.0,0.0,0.0,0.0,0.0,0.0,0.0,0.0,0.0,0.0,0.0,0.0,0.0,0.0,0.0,0.0,0.0,0.0,0.0,0.0,0.0,0.0,0.0,0.0
77,0.0,0.0,0.0,0.0,0.0,0.0,0.0,0.0,0.0,0.0,0.0,0.0,0.0,0.0,0.0,0.0,0.0,0.0,0.0,0.0,0.0,0.0,0.0,0.0,0.0,0.0,0.0,0.0,1.0,0.0,0.0,0.0,0.0,0.0,0.0,0.0,0.0,0.0,0.0,0.0,0.0,0.0,0.0,0.0,0.0,0.0,0.0,0.0,0.0,0.0,0.0,0.0,0.0,0.0,0.0,0.0,0.0,0.0,0.0,0.0,0.0,0.0,0.0,0.0,0.0,0.0,0.0,0.0,0.0,0.0,0.0,0.0,0.0,0.0,0.0,0.0,0.0,0.0,0.0,0.0,0.0,0.0,0.0,0.0,0.0,0.0,0.0,0.0,0.0,0.0,0.0,0.0,0.0,0.0
78,0.0,0.0,0.0,0.0,0.2857142857142857,0.0,0.0,0.14285714285714285,0.0,0.0,0.0,0.0,0.0,0.0,0.0,0.0,0.0,0.0,0.0,0.0,0.0,0.0,0.0,0.0,0.0,0.0,0.0,0.0,0.0,0.0,0.0,0.0,0.42857142857142855,0.0,0.0,0.0,0.0,0.14285714285714285,0.0,0.0,0.0,0.0,0.0,0.0,0.0,0.0,0.0,0.0,0.0,0.0,0.0,0.0,0.0,0.0,0.0,0.0,0.0,0.0,0.0,0.0,0.0,0.0,0.0,0.0,0.0,0.0,0.0,0.0,0.0,0.0,0.0,0.0,0.0,0.0,0.0,0.0,0.0,0.0,0.0,0.0,0.0,0.0,0.0,0.0,0.0,0.0,0.0,0.0,0.0,0.0,0.0,0.0,0.0,0.0
79,0.0,0.0,0.0,0.0,0.0007451564828614009,0.0,0.0,0.0,0.0,0.0,0.0,0.004470938897168405,0.0,0.0,0.0,0.0,0.0,0.0,0.0,0.0,0.0007451564828614009,0.0,0.0,0.9932935916542474,0.0,0.0,0.0,0.0007451564828614009,0.0,0.0,0.0,0.0,0.0,0.0,0.0,0.0,0.0,0.0,0.0,0.0,0.0,0.0,0.0,0.0,0.0,0.0,0.0,0.0,0.0,0.0,0.0,0.0,0.0,0.0,0.0,0.0,0.0,0.0,0.0,0.0,0.0,0.0,0.0,0.0,0.0,0.0,0.0,0.0,0.0,0.0,0.0,0.0,0.0,0.0,0.0,0.0,0.0,0.0,0.0,0.0,0.0,0.0,0.0,0.0,0.0,0.0,0.0,0.0,0.0,0.0,0.0,0.0,0.0,0.0
80,0.0,0.0,0.0,0.0,0.0,0.0,0.0,0.0,0.0,0.0,0.0,0.0,0.0,0.0,0.0,0.0,0.0,0.0,0.0,0.0,0.0,0.0,0.0,0.0,0.0,0.0,0.0,1.0,0.0,0.0,0.0,0.0,0.0,0.0,0.0,0.0,0.0,0.0,0.0,0.0,0.0,0.0,0.0,0.0,0.0,0.0,0.0,0.0,0.0,0.0,0.0,0.0,0.0,0.0,0.0,0.0,0.0,0.0,0.0,0.0,0.0,0.0,0.0,0.0,0.0,0.0,0.0,0.0,0.0,0.0,0.0,0.0,0.0,0.0,0.0,0.0,0.0,0.0,0.0,0.0,0.0,0.0,0.0,0.0,0.0,0.0,0.0,0.0,0.0,0.0,0.0,0.0,0.0,0.0
81,0.0,0.0,0.0,0.0,0.0,0.0,0.0,0.0,0.0,0.0,0.0,0.0,0.0,0.0,0.0,0.0,0.0,0.0,0.0,0.0,0.0,0.25,0.0,0.0,0.0,0.0,0.0,0.0,0.0,0.0,0.0,0.0,0.0,0.0,0.0,0.0,0.0,0.25,0.0,0.0,0.0,0.0,0.0,0.25,0.0,0.0,0.0,0.0,0.0,0.0,0.0,0.0,0.0,0.0,0.0,0.0,0.0,0.0,0.0,0.0,0.0,0.0,0.0,0.0,0.0,0.0,0.0,0.25,0.0,0.0,0.0,0.0,0.0,0.0,0.0,0.0,0.0,0.0,0.0,0.0,0.0,0.0,0.0,0.0,0.0,0.0,0.0,0.0,0.0,0.0,0.0,0.0,0.0,0.0
82,0.0,0.0,0.0,0.0,0.0,0.0,0.0,0.0,0.0,0.0,0.0,0.0,0.0,0.0,0.0,0.0,0.0,0.0,0.0,0.0,0.0,0.0,0.0,0.0,0.0,0.0,0.0,0.0,0.0,0.0,0.0,0.0,0.0,0.0,0.0,0.0,0.0,1.0,0.0,0.0,0.0,0.0,0.0,0.0,0.0,0.0,0.0,0.0,0.0,0.0,0.0,0.0,0.0,0.0,0.0,0.0,0.0,0.0,0.0,0.0,0.0,0.0,0.0,0.0,0.0,0.0,0.0,0.0,0.0,0.0,0.0,0.0,0.0,0.0,0.0,0.0,0.0,0.0,0.0,0.0,0.0,0.0,0.0,0.0,0.0,0.0,0.0,0.0,0.0,0.0,0.0,0.0,0.0,0.0
83,0.0,0.0,0.0,0.0,0.0,0.0,1.0,0.0,0.0,0.0,0.0,0.0,0.0,0.0,0.0,0.0,0.0,0.0,0.0,0.0,0.0,0.0,0.0,0.0,0.0,0.0,0.0,0.0,0.0,0.0,0.0,0.0,0.0,0.0,0.0,0.0,0.0,0.0,0.0,0.0,0.0,0.0,0.0,0.0,0.0,0.0,0.0,0.0,0.0,0.0,0.0,0.0,0.0,0.0,0.0,0.0,0.0,0.0,0.0,0.0,0.0,0.0,0.0,0.0,0.0,0.0,0.0,0.0,0.0,0.0,0.0,0.0,0.0,0.0,0.0,0.0,0.0,0.0,0.0,0.0,0.0,0.0,0.0,0.0,0.0,0.0,0.0,0.0,0.0,0.0,0.0,0.0,0.0,0.0
84,0.0,0.0,0.0,0.0,0.0,0.0,0.0,0.0,0.0,0.0,0.0,0.0,0.0,0.0,0.0,0.0,0.0,0.0,0.2857142857142857,0.0,0.0,0.0,0.0,0.42857142857142855,0.0,0.14285714285714285,0.0,0.0,0.0,0.0,0.14285714285714285,0.0,0.0,0.0,0.0,0.0,0.0,0.0,0.0,0.0,0.0,0.0,0.0,0.0,0.0,0.0,0.0,0.0,0.0,0.0,0.0,0.0,0.0,0.0,0.0,0.0,0.0,0.0,0.0,0.0,0.0,0.0,0.0,0.0,0.0,0.0,0.0,0.0,0.0,0.0,0.0,0.0,0.0,0.0,0.0,0.0,0.0,0.0,0.0,0.0,0.0,0.0,0.0,0.0,0.0,0.0,0.0,0.0,0.0,0.0,0.0,0.0,0.0,0.0
85,0.0,0.0,0.0,0.0,0.0,0.0,0.0,0.0,0.0,0.0,0.0,0.0,0.0,0.0,0.0,0.0,0.0,0.0,0.0,0.0,0.0,0.0,0.0,0.0,0.0,1.0,0.0,0.0,0.0,0.0,0.0,0.0,0.0,0.0,0.0,0.0,0.0,0.0,0.0,0.0,0.0,0.0,0.0,0.0,0.0,0.0,0.0,0.0,0.0,0.0,0.0,0.0,0.0,0.0,0.0,0.0,0.0,0.0,0.0,0.0,0.0,0.0,0.0,0.0,0.0,0.0,0.0,0.0,0.0,0.0,0.0,0.0,0.0,0.0,0.0,0.0,0.0,0.0,0.0,0.0,0.0,0.0,0.0,0.0,0.0,0.0,0.0,0.0,0.0,0.0,0.0,0.0,0.0,0.0
86,0.0,0.0,0.0,0.0,0.0,0.0,0.0,0.0,0.0,0.0,0.0,0.0,0.0,0.0,0.0,0.0,0.0,0.0,0.0,0.0,0.0,0.0,0.0,0.0,0.0,1.0,0.0,0.0,0.0,0.0,0.0,0.0,0.0,0.0,0.0,0.0,0.0,0.0,0.0,0.0,0.0,0.0,0.0,0.0,0.0,0.0,0.0,0.0,0.0,0.0,0.0,0.0,0.0,0.0,0.0,0.0,0.0,0.0,0.0,0.0,0.0,0.0,0.0,0.0,0.0,0.0,0.0,0.0,0.0,0.0,0.0,0.0,0.0,0.0,0.0,0.0,0.0,0.0,0.0,0.0,0.0,0.0,0.0,0.0,0.0,0.0,0.0,0.0,0.0,0.0,0.0,0.0,0.0,0.0
87,0.0,0.0,0.0,0.0,0.0,0.0,0.0,0.0,0.0,0.0,0.0,0.0,0.0,0.0,0.0,0.0,0.0,0.0,1.0,0.0,0.0,0.0,0.0,0.0,0.0,0.0,0.0,0.0,0.0,0.0,0.0,0.0,0.0,0.0,0.0,0.0,0.0,0.0,0.0,0.0,0.0,0.0,0.0,0.0,0.0,0.0,0.0,0.0,0.0,0.0,0.0,0.0,0.0,0.0,0.0,0.0,0.0,0.0,0.0,0.0,0.0,0.0,0.0,0.0,0.0,0.0,0.0,0.0,0.0,0.0,0.0,0.0,0.0,0.0,0.0,0.0,0.0,0.0,0.0,0.0,0.0,0.0,0.0,0.0,0.0,0.0,0.0,0.0,0.0,0.0,0.0,0.0,0.0,0.0
88,0.0,0.0,0.0,0.0,0.0,0.0,0.0,0.625,0.0,0.0,0.0,0.0,0.0,0.0,0.0,0.0,0.0,0.0,0.125,0.0,0.125,0.0,0.125,0.0,0.0,0.0,0.0,0.0,0.0,0.0,0.0,0.0,0.0,0.0,0.0,0.0,0.0,0.0,0.0,0.0,0.0,0.0,0.0,0.0,0.0,0.0,0.0,0.0,0.0,0.0,0.0,0.0,0.0,0.0,0.0,0.0,0.0,0.0,0.0,0.0,0.0,0.0,0.0,0.0,0.0,0.0,0.0,0.0,0.0,0.0,0.0,0.0,0.0,0.0,0.0,0.0,0.0,0.0,0.0,0.0,0.0,0.0,0.0,0.0,0.0,0.0,0.0,0.0,0.0,0.0,0.0,0.0,0.0,0.0
89,0.0,0.0,0.0,0.0,0.0,0.0,0.0,0.0,0.0,0.0,0.0,0.0,0.0,0.0,0.0,0.0,0.5,0.0,0.0,0.0,0.5,0.0,0.0,0.0,0.0,0.0,0.0,0.0,0.0,0.0,0.0,0.0,0.0,0.0,0.0,0.0,0.0,0.0,0.0,0.0,0.0,0.0,0.0,0.0,0.0,0.0,0.0,0.0,0.0,0.0,0.0,0.0,0.0,0.0,0.0,0.0,0.0,0.0,0.0,0.0,0.0,0.0,0.0,0.0,0.0,0.0,0.0,0.0,0.0,0.0,0.0,0.0,0.0,0.0,0.0,0.0,0.0,0.0,0.0,0.0,0.0,0.0,0.0,0.0,0.0,0.0,0.0,0.0,0.0,0.0,0.0,0.0,0.0,0.0
90,0.0,0.0,0.0,0.0,0.0,0.0,0.0,0.0,0.0,0.0,0.0,0.0,0.0,0.0,0.0,0.0,0.0,0.0,0.0,0.0,0.0,0.0,1.0,0.0,0.0,0.0,0.0,0.0,0.0,0.0,0.0,0.0,0.0,0.0,0.0,0.0,0.0,0.0,0.0,0.0,0.0,0.0,0.0,0.0,0.0,0.0,0.0,0.0,0.0,0.0,0.0,0.0,0.0,0.0,0.0,0.0,0.0,0.0,0.0,0.0,0.0,0.0,0.0,0.0,0.0,0.0,0.0,0.0,0.0,0.0,0.0,0.0,0.0,0.0,0.0,0.0,0.0,0.0,0.0,0.0,0.0,0.0,0.0,0.0,0.0,0.0,0.0,0.0,0.0,0.0,0.0,0.0,0.0,0.0
91,0.0,0.0,0.0,0.0,0.0,0.0,0.0,0.0,0.0,0.0,0.0,1.0,0.0,0.0,0.0,0.0,0.0,0.0,0.0,0.0,0.0,0.0,0.0,0.0,0.0,0.0,0.0,0.0,0.0,0.0,0.0,0.0,0.0,0.0,0.0,0.0,0.0,0.0,0.0,0.0,0.0,0.0,0.0,0.0,0.0,0.0,0.0,0.0,0.0,0.0,0.0,0.0,0.0,0.0,0.0,0.0,0.0,0.0,0.0,0.0,0.0,0.0,0.0,0.0,0.0,0.0,0.0,0.0,0.0,0.0,0.0,0.0,0.0,0.0,0.0,0.0,0.0,0.0,0.0,0.0,0.0,0.0,0.0,0.0,0.0,0.0,0.0,0.0,0.0,0.0,0.0,0.0,0.0,0.0
92,0.0,0.0,0.0,0.0,0.0,0.0,0.0,0.0,0.0,0.0,0.0,0.0,0.0,0.0,0.0,0.0,0.0,0.0,0.0,0.0,0.0,0.0,0.0,0.0,0.0,0.0,0.0,0.0,0.0,0.0,0.0,0.0,0.0,0.0,0.0,0.0,0.0,0.0,0.5,0.0,0.0,0.0,0.0,0.0,0.0,0.0,0.5,0.0,0.0,0.0,0.0,0.0,0.0,0.0,0.0,0.0,0.0,0.0,0.0,0.0,0.0,0.0,0.0,0.0,0.0,0.0,0.0,0.0,0.0,0.0,0.0,0.0,0.0,0.0,0.0,0.0,0.0,0.0,0.0,0.0,0.0,0.0,0.0,0.0,0.0,0.0,0.0,0.0,0.0,0.0,0.0,0.0,0.0,0.0
93,0.0,0.0,0.0,0.0,0.0,0.0,0.0,0.0,0.0,0.0,0.0,0.0,0.0,0.0,0.0,0.0,0.0,0.0,0.0,0.0,0.0,0.0,0.0,0.0,0.0,0.0,0.0,0.0,0.0,0.0,0.0,0.0,0.0,1.0,0.0,0.0,0.0,0.0,0.0,0.0,0.0,0.0,0.0,0.0,0.0,0.0,0.0,0.0,0.0,0.0,0.0,0.0,0.0,0.0,0.0,0.0,0.0,0.0,0.0,0.0,0.0,0.0,0.0,0.0,0.0,0.0,0.0,0.0,0.0,0.0,0.0,0.0,0.0,0.0,0.0,0.0,0.0,0.0,0.0,0.0,0.0,0.0,0.0,0.0,0.0,0.0,0.0,0.0,0.0,0.0,0.0,0.0,0.0,0.0
